id_client,nomclient,prenomclient,emailclient,adresseclient,telephoneclient,dateinscription
1,David,Thomas,thomas.david@gmail.com,"56 boulevard Victor Hugo, Nantes",0664748819,2021-09-24
2,Lambert,Charlotte,charlotte.lamber@orange.fr,"49 avenue Jean Jaurès, Angers",0617968729,2014-09-25
3,Bonnet,Léa,lea.bonnet@free.fr,"136 allée des Roses, Reims",0664293834,2019-03-26
4,Durand,Sarah,sarah.durand@gmail.com,"32 rue de la Liberté, Bordeaux",0710194969,2019-02-05
5,André,Hugo,hugo.andré@yahoo.fr,"33 boulevard de la République, Nantes",0643390704,2010-11-26
6,Mercier,Alexandre,alexandre.mercie@hotmail.fr,"12 avenue des Fleurs, Le Havre",0639277674,2012-07-11
7,André,Maxime,maxime.andré@yahoo.fr,"29 rue de la Paix, Saint-Étienne",0655816159,2020-01-11
8,Mercier,Pierre,pierre.mercie@outlook.com,"32 impasse du Château, Rennes",0760831560,2021-08-21
9,Girard,Anaïs,anaïs.girard@yahoo.fr,"52 boulevard Victor Hugo, Strasbourg",0757402774,2024-12-07
10,David,Quentin,quentin.david@orange.fr,"71 rue de la Liberté, Lyon",0710410356,2020-05-25
11,Lambert,Nicolas,nicolas.lamber@orange.fr,"16 avenue Jean Jaurès, Dijon",0737358925,2012-06-23
12,Moreau,Laura,laura.moreau@laposte.net,"72 boulevard Victor Hugo, Saint-Étienne",0673516387,2021-11-17
13,Garcia,Kevin,kevin.garcia@outlook.com,"90 allée des Roses, Montpellier",0736967563,2016-03-07
14,Leroy,Lucie,lucie.leroy@gmail.com,"42 avenue Jean Jaurès, Montpellier",0727916286,2015-04-05
15,Durand,Lucie,lucie.durand@outlook.com,"142 rue du Commerce, Nice",0645926836,2018-04-26
16,Leroy,Julie,julie.leroy@free.fr,"133 allée des Roses, Le Havre",0618451391,2012-05-27
17,Leroy,Baptiste,baptiste.leroy@orange.fr,"63 rue du Commerce, Villeurbanne",0694224219,2021-11-07
18,Martin,Pierre,pierre.martin@orange.fr,"84 rue du Commerce, Saint-Étienne",0710196027,2014-05-04
19,Mercier,Antoine,antoine.mercie@yahoo.fr,"79 rue de la Liberté, Bordeaux",0788677406,2024-02-08
20,Vincent,Zoé,zoe.vincen@free.fr,"145 impasse du Château, Toulouse",0773331235,2014-05-27
21,Bernard,Clément,clement.bernar@hotmail.fr,"87 impasse du Château, Grenoble",0681469059,2021-01-22
22,Roux,Mathieu,mathieu.roux@orange.fr,"5 avenue des Fleurs, Toulouse",0641045155,2010-12-26
23,Michel,Florian,florian.michel@yahoo.fr,"137 avenue des Fleurs, Toulouse",0728216197,2014-10-24
24,Thomas,Romain,romain.thomas@hotmail.fr,"10 allée des Roses, Paris",0726143367,2024-06-03
25,Dubois,Léa,lea.dubois@laposte.net,"88 rue du Moulin, Villeurbanne",0622550720,2015-08-13
26,David,Nicolas,nicolas.david@laposte.net,"71 rue du Commerce, Nantes",0675706214,2014-11-08
27,Thomas,Alice,alice.thomas@hotmail.fr,"23 rue du Commerce, Nîmes",0687265763,2010-01-01
28,Legrand,Inès,ines.legran@outlook.com,"92 avenue Jean Jaurès, Angers",0613610372,2012-03-09
29,Petit,Hugo,hugo.petit@yahoo.fr,"45 boulevard Victor Hugo, Montpellier",0634077528,2014-09-09
30,Moreau,Pierre,pierre.moreau@yahoo.fr,"118 rue de la Paix, Toulon",0693033289,2010-09-15
31,Laurent,Maxime,maxime.lauren@orange.fr,"77 rue de la Liberté, Nice",0631349862,2018-06-25
32,Laurent,Lucas,lucas.lauren@gmail.com,"9 rue du Commerce, Nantes",0724565901,2013-07-14
33,Robert,Julien,julien.robert@hotmail.fr,"107 avenue des Fleurs, Saint-Étienne",0632305534,2021-09-01
34,Richard,Anaïs,anaïs.richar@yahoo.fr,"137 boulevard de la République, Strasbourg",0767027276,2023-09-14
35,Simon,Sarah,sarah.simon@orange.fr,"67 boulevard de la République, Strasbourg",0636342866,2016-08-18
36,Garcia,Pauline,pauline.garcia@yahoo.fr,"24 boulevard de la République, Toulouse",0617219866,2021-12-19
37,David,Adrien,adrien.david@yahoo.fr,"102 boulevard de la République, Nice",0679518667,2022-02-02
38,Durand,Pierre,pierre.durand@free.fr,"13 rue du Commerce, Villeurbanne",0642412874,2022-05-22
39,Bertrand,Clément,clement.bertra@free.fr,"138 avenue des Fleurs, Bordeaux",0754570467,2013-01-20
40,Michel,Nicolas,nicolas.michel@gmail.com,"126 rue du Moulin, Nice",0695395947,2021-08-14
41,Garcia,Guillaume,guillaume.garcia@orange.fr,"19 rue de la Liberté, Angers",0653196957,2013-09-10
42,Martin,Alice,alice.martin@gmail.com,"9 rue de la Paix, Paris",0614073160,2017-03-26
43,Dubois,Kevin,kevin.dubois@laposte.net,"22 rue du Moulin, Grenoble",0668918771,2022-02-02
44,Lambert,Sophie,sophie.lamber@outlook.com,"7 boulevard Victor Hugo, Reims",0760874566,2012-08-01
45,Leroy,Manon,manon.leroy@outlook.com,"41 avenue des Fleurs, Angers",0690577383,2022-12-05
46,David,Manon,manon.david@free.fr,"134 avenue des Fleurs, Nice",0648785862,2023-12-11
47,Lefebvre,Clément,clement.lefebv@gmail.com,"121 rue de la Paix, Dijon",0772721659,2010-12-28
48,Girard,Thomas,thomas.girard@hotmail.fr,"67 rue du Moulin, Le Havre",0795452121,2011-12-28
49,Leroy,Louise,louise.leroy@gmail.com,"136 boulevard Victor Hugo, Le Havre",0785564783,2015-04-16
50,Lambert,Laura,laura.lamber@outlook.com,"69 rue du Commerce, Montpellier",0759602348,2011-02-06
51,Bonnet,Manon,manon.bonnet@outlook.com,"44 boulevard de la République, Le Havre",0684161109,2010-11-19
52,Michel,Sophie,sophie.michel@hotmail.fr,"54 rue du Moulin, Saint-Étienne",0792958783,2010-05-20
53,Dubois,Pierre,pierre.dubois@hotmail.fr,"16 allée des Roses, Lyon",0662569938,2021-11-09
54,Legrand,Adrien,adrien.legran@yahoo.fr,"136 rue de la Paix, Bordeaux",0796406343,2022-04-12
55,Martinez,Jade,jade.martin@free.fr,"64 rue du Commerce, Strasbourg",0735190520,2024-07-12
56,Leroy,Théo,theo.leroy@free.fr,"63 boulevard Victor Hugo, Marseille",0663698183,2016-08-14
57,Vincent,Simon,simon.vincen@yahoo.fr,"79 rue de la Liberté, Lille",0612779565,2019-06-01
58,Mercier,Romain,romain.mercie@laposte.net,"136 rue de la Liberté, Strasbourg",0651551799,2015-08-26
59,François,Florian,florian.franço@hotmail.fr,"11 rue de la Liberté, Lille",0731028161,2018-05-20
60,Richard,Sophie,sophie.richar@outlook.com,"104 rue du Moulin, Reims",0782943202,2014-03-12
61,François,Léa,lea.franço@orange.fr,"6 avenue des Fleurs, Grenoble",0751302750,2016-04-11
62,Vincent,Louise,louise.vincen@hotmail.fr,"136 rue du Commerce, Paris",0624625059,2015-06-01
63,Simon,Hugo,hugo.simon@gmail.com,"35 avenue Jean Jaurès, Villeurbanne",0655624499,2016-07-01
64,Durand,Baptiste,baptiste.durand@laposte.net,"53 rue du Moulin, Strasbourg",0736082385,2021-10-20
65,Simon,Charlotte,charlotte.simon@gmail.com,"32 rue de la Liberté, Montpellier",0623713785,2012-02-14
66,Garcia,Louise,louise.garcia@free.fr,"32 rue du Commerce, Lyon",0642359400,2012-01-19
67,Petit,Quentin,quentin.petit@orange.fr,"35 rue de la Liberté, Rennes",0615262830,2010-10-12
68,Legrand,Julien,julien.legran@orange.fr,"130 avenue Jean Jaurès, Rennes",0722791995,2021-03-25
69,Mercier,Pauline,pauline.mercie@laposte.net,"135 rue de la Paix, Paris",0638011716,2010-08-06
70,Thomas,Kevin,kevin.thomas@free.fr,"86 rue de la Liberté, Toulouse",0690154379,2010-04-18
71,Simon,Théo,theo.simon@gmail.com,"121 avenue Jean Jaurès, Bordeaux",0790003444,2019-04-27
72,Girard,Guillaume,guillaume.girard@gmail.com,"55 rue de la Liberté, Reims",0727975283,2011-09-17
73,Dubois,Zoé,zoe.dubois@free.fr,"32 rue du Commerce, Nîmes",0724610423,2016-07-22
74,Lefebvre,Alexandre,alexandre.lefebv@yahoo.fr,"136 avenue Jean Jaurès, Rennes",0688726359,2019-02-19
75,Bonnet,Lucas,lucas.bonnet@yahoo.fr,"41 rue du Moulin, Villeurbanne",0619865211,2020-02-14
76,Simon,Alice,alice.simon@outlook.com,"108 avenue des Fleurs, Marseille",0714896647,2016-08-05
77,Roux,Simon,simon.roux@yahoo.fr,"105 rue de la Paix, Reims",0655297384,2021-01-16
78,Michel,Clara,clara.michel@orange.fr,"12 rue du Commerce, Toulouse",0627285424,2010-05-28
79,François,Maxime,maxime.franço@orange.fr,"15 rue du Commerce, Strasbourg",0762424067,2023-08-17
80,Lefebvre,Thomas,thomas.lefebv@gmail.com,"40 avenue Jean Jaurès, Marseille",0738568706,2013-12-08
81,Martinez,Hugo,hugo.martin@free.fr,"88 impasse du Château, Lyon",0778326999,2014-02-11
82,Thomas,Charlotte,charlotte.thomas@yahoo.fr,"125 avenue Jean Jaurès, Saint-Étienne",0693373189,2021-10-06
83,Mercier,Manon,manon.mercie@gmail.com,"11 avenue des Fleurs, Montpellier",0784427853,2021-11-02
84,Simon,Léa,lea.simon@gmail.com,"77 rue du Moulin, Grenoble",0664687986,2014-10-03
85,Fournier,Romain,romain.fourni@outlook.com,"32 rue de la Paix, Toulouse",0770603852,2010-05-28
86,Laurent,Simon,simon.lauren@free.fr,"145 boulevard de la République, Marseille",0748354650,2014-01-29
87,Leroy,Florian,florian.leroy@free.fr,"150 boulevard Victor Hugo, Le Havre",0793816810,2018-06-07
88,Morel,Pauline,pauline.morel@free.fr,"117 avenue des Fleurs, Dijon",0729485870,2018-03-19
89,Durand,Charlotte,charlotte.durand@gmail.com,"38 impasse du Château, Nîmes",0649514706,2021-03-23
90,Fournier,Charlotte,charlotte.fourni@laposte.net,"50 boulevard Victor Hugo, Strasbourg",0634824185,2015-01-02
91,Dupont,Laura,laura.dupont@free.fr,"111 rue de la Liberté, Nîmes",0664736553,2010-07-08
92,Lefebvre,Laura,laura.lefebv@orange.fr,"31 avenue Jean Jaurès, Saint-Étienne",0696159185,2013-11-25
93,Roux,Baptiste,baptiste.roux@outlook.com,"59 rue du Commerce, Villeurbanne",0653725194,2024-11-10
94,Martinez,Chloé,chloe.martin@laposte.net,"134 boulevard Victor Hugo, Angers",0648211978,2010-01-26
95,Martinez,Clara,clara.martin@gmail.com,"31 boulevard Victor Hugo, Nîmes",0755813843,2022-04-27
96,Vincent,Théo,theo.vincen@hotmail.fr,"92 rue du Commerce, Nice",0798706994,2012-02-05
97,Lefebvre,Charlotte,charlotte.lefebv@free.fr,"89 rue de la Liberté, Marseille",0612004286,2020-10-22
98,Girard,Julie,julie.girard@hotmail.fr,"38 rue du Moulin, Dijon",0786706373,2012-09-11
99,Dupont,Léa,lea.dupont@free.fr,"69 rue de la Liberté, Angers",0642292892,2016-12-20
100,François,Sophie,sophie.franço@gmail.com,"8 boulevard Victor Hugo, Grenoble",0610131289,2024-12-22
101,Lefebvre,Zoé,zoe.lefebv@free.fr,"100 avenue des Fleurs, Lyon",0661967417,2014-07-14
102,Girard,Julien,julien.girard@gmail.com,"50 boulevard de la République, Rennes",0616431196,2018-06-01
103,Morel,Guillaume,guillaume.morel@gmail.com,"72 avenue des Fleurs, Lille",0653136609,2020-03-01
104,François,Emma,emma.franço@orange.fr,"134 rue du Moulin, Nîmes",0796177608,2024-01-24
105,Mercier,Nicolas,nicolas.mercie@orange.fr,"95 rue du Moulin, Bordeaux",0712257260,2019-11-19
106,Moreau,Zoé,zoe.moreau@outlook.com,"101 boulevard Victor Hugo, Lyon",0728754310,2019-01-17
107,Fournier,Laura,laura.fourni@outlook.com,"36 impasse du Château, Paris",0676047752,2024-01-11
108,Legrand,Lucie,lucie.legran@gmail.com,"13 boulevard Victor Hugo, Nîmes",0645372528,2018-11-29
109,Petit,Camille,camille.petit@yahoo.fr,"51 rue du Moulin, Toulon",0621970455,2017-01-17
110,Petit,Emma,emma.petit@gmail.com,"89 rue de la Liberté, Toulouse",0783106438,2020-05-31
111,François,Maxime,maxime.franço@orange.fr,"43 avenue des Fleurs, Marseille",0610062336,2012-07-11
112,Durand,Mathieu,mathieu.durand@free.fr,"132 impasse du Château, Nice",0776538181,2022-11-11
113,Thomas,Lucie,lucie.thomas@free.fr,"49 rue du Moulin, Toulon",0699640817,2016-08-27
114,Vincent,Sarah,sarah.vincen@yahoo.fr,"13 boulevard Victor Hugo, Nîmes",0716413678,2018-11-15
115,Bernard,Louise,louise.bernar@yahoo.fr,"25 rue de la Liberté, Bordeaux",0717100134,2020-02-18
116,Bonnet,Hugo,hugo.bonnet@orange.fr,"27 rue de la Liberté, Grenoble",0629028482,2021-03-17
117,Dubois,Lucas,lucas.dubois@free.fr,"4 boulevard Victor Hugo, Marseille",0789053312,2014-02-03
118,Leroy,Maxime,maxime.leroy@laposte.net,"133 rue de la Liberté, Nantes",0775941954,2023-08-09
119,Dupont,Chloé,chloe.dupont@laposte.net,"110 rue du Moulin, Angers",0625433087,2021-07-23
120,Girard,Adrien,adrien.girard@free.fr,"82 rue de la Liberté, Paris",0740723550,2020-02-01
121,Lambert,Quentin,quentin.lamber@orange.fr,"140 rue de la Liberté, Le Havre",0670877634,2011-05-16
122,Durand,Jade,jade.durand@laposte.net,"104 rue du Commerce, Nice",0659001054,2010-01-19
123,Robert,Pauline,pauline.robert@hotmail.fr,"22 boulevard Victor Hugo, Nantes",0694446429,2017-05-10
124,Lefebvre,Julien,julien.lefebv@outlook.com,"94 rue de la Paix, Rennes",0724079562,2015-12-11
125,Robert,Charlotte,charlotte.robert@yahoo.fr,"19 rue du Commerce, Nantes",0686587087,2017-05-05
126,Dupont,Anaïs,anaïs.dupont@orange.fr,"11 rue du Commerce, Nîmes",0741570584,2023-12-26
127,François,Pauline,pauline.franço@laposte.net,"5 boulevard Victor Hugo, Nice",0654410181,2010-10-05
128,Michel,Adrien,adrien.michel@free.fr,"65 rue du Commerce, Lille",0650015306,2017-07-29
129,Moreau,Julien,julien.moreau@outlook.com,"89 avenue Jean Jaurès, Angers",0714804924,2024-09-08
130,Laurent,Camille,camille.lauren@orange.fr,"46 rue du Moulin, Angers",0770073059,2020-09-17
131,Dupont,Adrien,adrien.dupont@orange.fr,"48 rue de la Paix, Villeurbanne",0746896459,2011-10-01
132,David,Florian,florian.david@free.fr,"137 avenue Jean Jaurès, Le Havre",0693703711,2019-10-16
133,Bonnet,Laura,laura.bonnet@outlook.com,"34 impasse du Château, Dijon",0676291096,2010-11-09
134,Martin,Louise,louise.martin@outlook.com,"103 boulevard Victor Hugo, Montpellier",0716962144,2016-01-16
135,Dupont,Romain,romain.dupont@free.fr,"100 rue de la Liberté, Villeurbanne",0771288572,2010-11-10
136,Richard,Antoine,antoine.richar@hotmail.fr,"72 rue du Commerce, Nantes",0760268472,2015-08-20
137,Lefebvre,Simon,simon.lefebv@hotmail.fr,"118 boulevard de la République, Le Havre",0628838016,2023-09-18
138,Morel,Emma,emma.morel@laposte.net,"64 boulevard Victor Hugo, Angers",0762530853,2014-12-26
139,Martinez,Adrien,adrien.martin@hotmail.fr,"147 avenue des Fleurs, Rennes",0732068284,2011-10-15
140,Roux,Emma,emma.roux@yahoo.fr,"87 avenue Jean Jaurès, Nantes",0762220968,2022-11-28
141,Vincent,Théo,theo.vincen@yahoo.fr,"57 rue du Moulin, Rennes",0723719833,2021-04-25
142,André,Adrien,adrien.andré@orange.fr,"101 impasse du Château, Reims",0696680604,2021-08-22
143,François,Lucie,lucie.franço@laposte.net,"144 impasse du Château, Paris",0775467163,2016-06-11
144,Martin,Chloé,chloe.martin@laposte.net,"50 allée des Roses, Villeurbanne",0678761110,2022-12-10
145,Legrand,Antoine,antoine.legran@yahoo.fr,"124 boulevard de la République, Grenoble",0616293447,2021-09-12
146,Durand,Charlotte,charlotte.durand@orange.fr,"69 rue de la Paix, Marseille",0738210669,2016-11-24
147,Moreau,Clément,clement.moreau@gmail.com,"117 avenue des Fleurs, Rennes",0737151869,2014-11-10
148,Fournier,Romain,romain.fourni@laposte.net,"55 rue de la Liberté, Grenoble",0641963795,2019-07-24
149,Bernard,Alice,alice.bernar@laposte.net,"5 boulevard de la République, Bordeaux",0696343880,2012-06-12
150,Bernard,Camille,camille.bernar@free.fr,"91 boulevard Victor Hugo, Toulon",0792640373,2012-09-26
151,Bernard,Pauline,pauline.bernar@yahoo.fr,"34 avenue Jean Jaurès, Paris",0758450800,2015-04-10
152,Richard,Lucie,lucie.richar@gmail.com,"36 impasse du Château, Angers",0765845729,2017-04-11
153,Roux,Anaïs,anaïs.roux@orange.fr,"114 allée des Roses, Lille",0628551448,2017-07-30
154,Roux,Sarah,sarah.roux@laposte.net,"87 boulevard de la République, Saint-Étienne",0752590946,2023-10-07
155,Bertrand,Emma,emma.bertra@laposte.net,"33 allée des Roses, Villeurbanne",0621137101,2019-08-09
156,Robert,Marie,marie.robert@hotmail.fr,"2 rue de la Paix, Lyon",0651183538,2024-05-03
157,Morel,Kevin,kevin.morel@laposte.net,"60 avenue des Fleurs, Montpellier",0696255089,2012-08-06
158,Dubois,Alice,alice.dubois@gmail.com,"54 rue de la Paix, Rennes",0774495536,2021-09-14
159,Roux,Mathieu,mathieu.roux@laposte.net,"47 avenue des Fleurs, Lille",0748166551,2021-08-29
160,Vincent,Lucie,lucie.vincen@orange.fr,"126 boulevard Victor Hugo, Grenoble",0666783807,2024-04-17
161,Morel,Manon,manon.morel@laposte.net,"106 boulevard Victor Hugo, Paris",0659163162,2021-07-23
162,Moreau,Romain,romain.moreau@outlook.com,"54 avenue des Fleurs, Dijon",0633202743,2022-03-10
163,Petit,Pierre,pierre.petit@gmail.com,"17 boulevard Victor Hugo, Strasbourg",0696590284,2024-01-23
164,Dubois,Zoé,zoe.dubois@yahoo.fr,"16 rue de la Liberté, Paris",0679738269,2019-04-26
165,Richard,Jade,jade.richar@free.fr,"53 rue du Commerce, Toulon",0713251476,2013-09-14
166,Bertrand,Lucie,lucie.bertra@orange.fr,"23 avenue Jean Jaurès, Nantes",0656987976,2020-05-31
167,Mercier,Sarah,sarah.mercie@orange.fr,"93 rue du Commerce, Bordeaux",0728208868,2013-06-21
168,Robert,Clément,clement.robert@free.fr,"24 rue du Commerce, Toulon",0798272028,2015-05-30
169,Bernard,Théo,theo.bernar@orange.fr,"141 boulevard Victor Hugo, Toulon",0696626846,2013-12-09
170,Girard,Florian,florian.girard@outlook.com,"56 rue du Moulin, Toulon",0685763872,2023-01-25
171,Simon,Thomas,thomas.simon@yahoo.fr,"47 boulevard Victor Hugo, Nice",0665289687,2012-04-05
172,Girard,Alice,alice.girard@free.fr,"150 avenue des Fleurs, Lille",0684240710,2013-03-24
173,Simon,Lucas,lucas.simon@free.fr,"94 rue du Moulin, Nîmes",0652977013,2016-11-28
174,Thomas,Clara,clara.thomas@laposte.net,"126 avenue Jean Jaurès, Grenoble",0631684442,2018-10-26
175,Martin,Chloé,chloe.martin@laposte.net,"147 impasse du Château, Bordeaux",0787525357,2021-03-04
176,Martinez,Lucas,lucas.martin@yahoo.fr,"115 boulevard de la République, Nîmes",0710360788,2022-10-22
177,Dubois,Florian,florian.dubois@free.fr,"42 rue de la Paix, Rennes",0699485713,2020-07-05
178,Petit,Julie,julie.petit@yahoo.fr,"126 impasse du Château, Nice",0627538006,2010-08-19
179,Lambert,Pierre,pierre.lamber@gmail.com,"94 rue de la Liberté, Lyon",0633255413,2010-12-31
180,David,Pauline,pauline.david@outlook.com,"120 rue du Commerce, Dijon",0756883986,2014-09-22
181,Laurent,Louise,louise.lauren@laposte.net,"48 rue du Moulin, Angers",0718171310,2010-11-28
182,Leroy,Thomas,thomas.leroy@laposte.net,"78 rue du Moulin, Le Havre",0686861917,2022-11-14
183,Garcia,Julie,julie.garcia@laposte.net,"18 impasse du Château, Nantes",0686573377,2012-02-06
184,Morel,Pierre,pierre.morel@gmail.com,"148 boulevard Victor Hugo, Nîmes",0799121694,2012-01-28
185,David,Léa,lea.david@laposte.net,"71 rue du Commerce, Strasbourg",0692152010,2014-05-28
186,Michel,Kevin,kevin.michel@free.fr,"121 avenue des Fleurs, Strasbourg",0722472749,2012-08-01
187,Bernard,Théo,theo.bernar@gmail.com,"39 boulevard Victor Hugo, Toulouse",0631126481,2020-04-29
188,Dupont,Anaïs,anaïs.dupont@gmail.com,"36 rue de la Paix, Toulouse",0625560384,2018-08-01
189,Robert,Julie,julie.robert@yahoo.fr,"47 rue de la Paix, Toulouse",0669927008,2017-09-10
190,Petit,Chloé,chloe.petit@orange.fr,"55 rue de la Paix, Lille",0667908044,2017-07-26
191,Martin,Adrien,adrien.martin@laposte.net,"46 avenue Jean Jaurès, Lille",0630083236,2016-04-29
192,Dubois,Antoine,antoine.dubois@free.fr,"73 rue de la Paix, Angers",0793932840,2013-02-25
193,Vincent,Marie,marie.vincen@yahoo.fr,"84 boulevard Victor Hugo, Nice",0760409083,2010-05-21
194,Laurent,Romain,romain.lauren@free.fr,"98 avenue des Fleurs, Paris",0699516588,2023-05-17
195,Dupont,Laura,laura.dupont@orange.fr,"150 avenue Jean Jaurès, Paris",0640717503,2012-08-29
196,Petit,Hugo,hugo.petit@hotmail.fr,"109 impasse du Château, Angers",0782429164,2018-09-09
197,Petit,Laura,laura.petit@yahoo.fr,"7 allée des Roses, Marseille",0613442087,2020-10-22
198,Thomas,Mathieu,mathieu.thomas@free.fr,"93 boulevard de la République, Nantes",0740978363,2021-02-05
199,Richard,Sophie,sophie.richar@laposte.net,"16 avenue Jean Jaurès, Marseille",0767203444,2023-04-02
200,Durand,Mathieu,mathieu.durand@hotmail.fr,"34 boulevard Victor Hugo, Lille",0655954851,2015-11-09
201,Durand,Thomas,thomas.durand@gmail.com,"74 rue de la Paix, Montpellier",0626736237,2023-10-27
202,David,Lucie,lucie.david@free.fr,"145 avenue Jean Jaurès, Reims",0751373866,2011-06-16
203,Vincent,Anaïs,anaïs.vincen@yahoo.fr,"90 impasse du Château, Lille",0733150209,2015-08-21
204,Robert,Julie,julie.robert@gmail.com,"65 avenue Jean Jaurès, Saint-Étienne",0624839143,2022-06-13
205,Lambert,Antoine,antoine.lamber@laposte.net,"132 avenue des Fleurs, Lyon",0613576286,2019-04-03
206,Garcia,Antoine,antoine.garcia@orange.fr,"103 allée des Roses, Marseille",0731726408,2021-07-31
207,Martin,Adrien,adrien.martin@yahoo.fr,"133 avenue des Fleurs, Reims",0724415273,2023-04-18
208,Simon,Antoine,antoine.simon@gmail.com,"16 avenue Jean Jaurès, Marseille",0678231337,2019-03-02
209,Durand,Julie,julie.durand@gmail.com,"14 avenue Jean Jaurès, Montpellier",0720698169,2016-06-15
210,Leroy,Louise,louise.leroy@gmail.com,"126 allée des Roses, Strasbourg",0733485502,2014-05-30
211,Vincent,Thomas,thomas.vincen@orange.fr,"112 boulevard Victor Hugo, Reims",0769971142,2019-08-20
212,Martin,Jade,jade.martin@yahoo.fr,"53 avenue des Fleurs, Angers",0654796872,2014-06-30
213,Bonnet,Emma,emma.bonnet@laposte.net,"113 allée des Roses, Saint-Étienne",0768627491,2013-05-04
214,Vincent,Romain,romain.vincen@gmail.com,"17 rue du Commerce, Montpellier",0673753876,2010-09-20
215,Lefebvre,Hugo,hugo.lefebv@outlook.com,"107 rue de la Liberté, Toulouse",0754336376,2023-03-21
216,Lambert,Julien,julien.lamber@orange.fr,"30 rue de la Paix, Toulon",0799461018,2012-10-15
217,Martin,Sophie,sophie.martin@laposte.net,"68 boulevard de la République, Montpellier",0685553948,2024-02-26
218,Martin,Charlotte,charlotte.martin@gmail.com,"81 rue du Moulin, Marseille",0733101632,2015-09-25
219,Moreau,Kevin,kevin.moreau@yahoo.fr,"128 rue de la Liberté, Villeurbanne",0795749236,2024-07-14
220,Garcia,Maxime,maxime.garcia@free.fr,"113 avenue des Fleurs, Saint-Étienne",0790931542,2016-07-25
221,Legrand,Mathieu,mathieu.legran@hotmail.fr,"98 avenue des Fleurs, Nice",0675089615,2011-02-07
222,Vincent,Jade,jade.vincen@orange.fr,"69 rue du Moulin, Montpellier",0653260996,2014-02-08
223,Girard,Simon,simon.girard@orange.fr,"75 boulevard de la République, Nîmes",0691946119,2010-05-01
224,Richard,Hugo,hugo.richar@gmail.com,"111 boulevard Victor Hugo, Paris",0672715713,2021-07-25
225,François,Pauline,pauline.franço@laposte.net,"44 avenue des Fleurs, Marseille",0717371568,2013-07-21
226,Thomas,Hugo,hugo.thomas@free.fr,"140 avenue des Fleurs, Montpellier",0792572018,2021-07-04
227,Martinez,Laura,laura.martin@free.fr,"29 avenue des Fleurs, Toulon",0682142272,2024-01-15
228,Martin,Louise,louise.martin@free.fr,"19 rue du Commerce, Le Havre",0750817500,2013-02-06
229,Garcia,Antoine,antoine.garcia@orange.fr,"92 rue du Commerce, Dijon",0686650083,2021-05-15
230,Legrand,Anaïs,anaïs.legran@hotmail.fr,"3 rue du Commerce, Nantes",0613448448,2022-02-11
231,David,Mathieu,mathieu.david@orange.fr,"82 avenue Jean Jaurès, Marseille",0635355653,2022-08-21
232,Fournier,Baptiste,baptiste.fourni@orange.fr,"104 avenue des Fleurs, Marseille",0678571606,2023-03-30
233,Fournier,Emma,emma.fourni@outlook.com,"109 rue du Commerce, Dijon",0672191000,2018-10-18
234,Leroy,Sophie,sophie.leroy@hotmail.fr,"12 boulevard de la République, Reims",0625826147,2011-12-26
235,Laurent,Julie,julie.lauren@orange.fr,"110 rue de la Paix, Grenoble",0633760468,2016-05-16
236,Mercier,Clément,clement.mercie@laposte.net,"97 impasse du Château, Toulouse",0787985029,2024-10-09
237,Moreau,Emma,emma.moreau@orange.fr,"12 boulevard de la République, Saint-Étienne",0791849299,2018-08-10
238,Legrand,Hugo,hugo.legran@hotmail.fr,"110 rue de la Paix, Bordeaux",0778679294,2013-05-27
239,Martin,Florian,florian.martin@yahoo.fr,"40 rue du Commerce, Rennes",0661799347,2013-08-02
240,Dupont,Charlotte,charlotte.dupont@free.fr,"63 rue de la Liberté, Bordeaux",0610046077,2022-11-15
241,Roux,Hugo,hugo.roux@gmail.com,"103 rue du Commerce, Dijon",0692420455,2019-10-11
242,Lefebvre,Hugo,hugo.lefebv@free.fr,"123 boulevard Victor Hugo, Dijon",0790791349,2011-07-13
243,Fournier,Marie,marie.fourni@laposte.net,"17 avenue des Fleurs, Lille",0638783232,2012-07-14
244,Girard,Romain,romain.girard@yahoo.fr,"42 rue du Moulin, Saint-Étienne",0641225607,2020-08-28
245,Simon,Marie,marie.simon@free.fr,"48 rue du Moulin, Lyon",0753113090,2021-06-18
246,Simon,Théo,theo.simon@orange.fr,"6 boulevard Victor Hugo, Reims",0750545587,2013-03-30
247,Fournier,Julie,julie.fourni@outlook.com,"25 rue de la Liberté, Rennes",0635937389,2016-06-26
248,Lambert,Marie,marie.lamber@laposte.net,"146 rue de la Liberté, Le Havre",0673088534,2020-11-10
249,Robert,Simon,simon.robert@free.fr,"67 boulevard de la République, Angers",0683377419,2010-01-24
250,Bonnet,Anaïs,anaïs.bonnet@orange.fr,"142 boulevard Victor Hugo, Toulouse",0720686342,2016-01-28
251,François,Louise,louise.franço@outlook.com,"27 rue du Moulin, Rennes",0662951530,2018-06-12
252,Michel,Pauline,pauline.michel@free.fr,"138 boulevard de la République, Montpellier",0793019717,2019-11-17
253,Lefebvre,Louise,louise.lefebv@free.fr,"146 allée des Roses, Marseille",0755672278,2015-11-10
254,Thomas,Sophie,sophie.thomas@laposte.net,"32 boulevard de la République, Nice",0617863558,2020-09-18
255,André,Chloé,chloe.andré@orange.fr,"98 rue de la Paix, Reims",0619446734,2011-10-06
256,Durand,Sophie,sophie.durand@hotmail.fr,"138 rue du Commerce, Le Havre",0666539060,2015-07-30
257,Thomas,Laura,laura.thomas@free.fr,"132 boulevard de la République, Bordeaux",0759981121,2011-04-03
258,Martin,Jade,jade.martin@hotmail.fr,"13 rue de la Paix, Villeurbanne",0728238410,2021-11-23
259,Bernard,Emma,emma.bernar@free.fr,"76 rue de la Liberté, Le Havre",0784726038,2019-10-03
260,Michel,Jade,jade.michel@gmail.com,"13 impasse du Château, Saint-Étienne",0731720358,2016-12-20
261,François,Clara,clara.franço@gmail.com,"94 avenue Jean Jaurès, Toulon",0782144438,2022-10-24
262,Dupont,Manon,manon.dupont@yahoo.fr,"82 rue du Moulin, Strasbourg",0667062863,2015-06-10
263,Lambert,Sarah,sarah.lamber@hotmail.fr,"104 rue de la Liberté, Nice",0666201522,2016-06-27
264,Lefebvre,Antoine,antoine.lefebv@gmail.com,"86 boulevard de la République, Villeurbanne",0740722721,2010-03-17
265,François,Emma,emma.franço@yahoo.fr,"48 avenue des Fleurs, Nantes",0649475088,2020-02-20
266,André,Jade,jade.andré@free.fr,"122 allée des Roses, Le Havre",0652413505,2011-07-06
267,Thomas,Marie,marie.thomas@hotmail.fr,"21 boulevard Victor Hugo, Bordeaux",0622388317,2021-04-16
268,Lambert,Pauline,pauline.lamber@gmail.com,"133 rue de la Liberté, Lyon",0682054847,2012-06-06
269,Bertrand,Charlotte,charlotte.bertra@laposte.net,"102 avenue Jean Jaurès, Grenoble",0636291079,2011-10-11
270,Fournier,Kevin,kevin.fourni@yahoo.fr,"92 avenue Jean Jaurès, Paris",0769876591,2019-03-01
271,Morel,Emma,emma.morel@gmail.com,"109 avenue des Fleurs, Nice",0632095445,2014-07-29
272,Mercier,Chloé,chloe.mercie@outlook.com,"123 impasse du Château, Montpellier",0756401649,2023-03-16
273,Bernard,Pauline,pauline.bernar@hotmail.fr,"119 rue du Commerce, Reims",0659458666,2021-07-13
274,Robert,Baptiste,baptiste.robert@hotmail.fr,"32 rue du Commerce, Montpellier",0743986317,2016-01-08
275,Girard,Nicolas,nicolas.girard@outlook.com,"110 allée des Roses, Lille",0748279828,2020-06-24
276,François,Laura,laura.franço@yahoo.fr,"51 avenue des Fleurs, Toulouse",0635977719,2020-01-14
277,Fournier,Pauline,pauline.fourni@laposte.net,"126 boulevard de la République, Marseille",0768839489,2018-12-06
278,Girard,Alexandre,alexandre.girard@yahoo.fr,"76 boulevard Victor Hugo, Grenoble",0614121168,2022-06-14
279,Bonnet,Emma,emma.bonnet@free.fr,"19 avenue Jean Jaurès, Reims",0697919966,2011-05-13
280,Lambert,Guillaume,guillaume.lamber@outlook.com,"100 rue du Moulin, Lyon",0754151097,2024-04-01
281,Lefebvre,Nicolas,nicolas.lefebv@free.fr,"59 impasse du Château, Angers",0645804636,2015-02-23
282,Martinez,Chloé,chloe.martin@gmail.com,"79 rue de la Paix, Lyon",0679082162,2018-11-21
283,Bertrand,Jade,jade.bertra@yahoo.fr,"74 rue du Commerce, Marseille",0756350800,2016-04-03
284,Legrand,Sarah,sarah.legran@laposte.net,"93 allée des Roses, Bordeaux",0717178930,2021-12-04
285,Martinez,Adrien,adrien.martin@outlook.com,"93 avenue des Fleurs, Grenoble",0670443135,2022-05-23
286,Morel,Thomas,thomas.morel@free.fr,"83 rue du Moulin, Villeurbanne",0629741221,2020-03-28
287,Mercier,Pauline,pauline.mercie@free.fr,"99 boulevard de la République, Nîmes",0788695322,2021-07-16
288,Bernard,Guillaume,guillaume.bernar@gmail.com,"79 impasse du Château, Grenoble",0674336097,2016-02-25
289,Leroy,Laura,laura.leroy@free.fr,"97 rue du Moulin, Lyon",0690291375,2018-07-21
290,Leroy,Emma,emma.leroy@orange.fr,"34 rue du Moulin, Angers",0689509628,2013-08-26
291,Vincent,Alexandre,alexandre.vincen@orange.fr,"27 boulevard Victor Hugo, Toulouse",0714037747,2013-07-11
292,Bertrand,Lucas,lucas.bertra@yahoo.fr,"132 rue de la Paix, Nîmes",0632519486,2012-09-19
293,Martin,Antoine,antoine.martin@gmail.com,"48 rue du Moulin, Nantes",0612184722,2021-09-16
294,Michel,Anaïs,anaïs.michel@laposte.net,"98 avenue des Fleurs, Lyon",0678172295,2024-02-29
295,Thomas,Lucie,lucie.thomas@hotmail.fr,"3 rue du Commerce, Marseille",0735414238,2018-08-10
296,Bernard,Baptiste,baptiste.bernar@yahoo.fr,"61 rue du Commerce, Lille",0797224832,2024-05-19
297,Bertrand,Kevin,kevin.bertra@outlook.com,"13 avenue Jean Jaurès, Bordeaux",0783864238,2013-02-06
298,Moreau,Clément,clement.moreau@gmail.com,"105 boulevard de la République, Rennes",0614680066,2014-06-15
299,Bonnet,Florian,florian.bonnet@hotmail.fr,"104 boulevard Victor Hugo, Paris",0747439726,2023-03-13
300,Bonnet,Anaïs,anaïs.bonnet@orange.fr,"20 impasse du Château, Paris",0668507072,2024-12-28
301,Leroy,Clara,clara.leroy@hotmail.fr,"24 avenue des Fleurs, Paris",0759790543,2011-12-10
302,Moreau,Alexandre,alexandre.moreau@orange.fr,"1 avenue Jean Jaurès, Angers",0723498489,2023-10-10
303,David,Zoé,zoe.david@laposte.net,"11 rue du Commerce, Villeurbanne",0659296057,2022-08-07
304,Michel,Mathieu,mathieu.michel@free.fr,"141 rue du Moulin, Lille",0660723650,2022-09-23
305,Lefebvre,Emma,emma.lefebv@orange.fr,"118 rue de la Paix, Dijon",0682468931,2022-07-08
306,Bertrand,Quentin,quentin.bertra@hotmail.fr,"125 boulevard de la République, Marseille",0714111743,2023-04-07
307,Laurent,Emma,emma.lauren@gmail.com,"117 avenue des Fleurs, Nîmes",0760607407,2023-05-04
308,Martin,Pierre,pierre.martin@laposte.net,"23 boulevard Victor Hugo, Saint-Étienne",0771008953,2024-02-26
309,Martin,Théo,theo.martin@hotmail.fr,"78 avenue des Fleurs, Angers",0686724177,2013-02-14
310,Laurent,Florian,florian.lauren@orange.fr,"86 rue du Commerce, Rennes",0671816745,2020-04-01
311,Girard,Camille,camille.girard@yahoo.fr,"36 avenue Jean Jaurès, Lille",0790815605,2011-09-04
312,Girard,Adrien,adrien.girard@outlook.com,"142 boulevard Victor Hugo, Bordeaux",0691678422,2023-04-14
313,Michel,Laura,laura.michel@orange.fr,"69 boulevard Victor Hugo, Nantes",0690954568,2017-07-01
314,Bernard,Florian,florian.bernar@laposte.net,"68 impasse du Château, Bordeaux",0624124508,2022-06-01
315,Laurent,Manon,manon.lauren@yahoo.fr,"125 rue de la Paix, Rennes",0777887006,2010-01-24
316,François,Pierre,pierre.franço@gmail.com,"94 avenue Jean Jaurès, Paris",0616681498,2024-03-06
317,Legrand,Chloé,chloe.legran@yahoo.fr,"88 rue de la Liberté, Bordeaux",0671654008,2014-09-27
318,François,Hugo,hugo.franço@free.fr,"121 boulevard Victor Hugo, Dijon",0685160586,2017-05-11
319,Bernard,Marie,marie.bernar@outlook.com,"23 avenue Jean Jaurès, Dijon",0631598016,2015-11-15
320,Dubois,Chloé,chloe.dubois@laposte.net,"35 rue de la Liberté, Marseille",0782778882,2018-05-15
321,Dubois,Quentin,quentin.dubois@gmail.com,"16 impasse du Château, Angers",0622276469,2022-11-19
322,Fournier,Marie,marie.fourni@yahoo.fr,"46 avenue Jean Jaurès, Toulouse",0652276352,2019-08-03
323,Mercier,Nicolas,nicolas.mercie@yahoo.fr,"93 rue du Moulin, Toulon",0686438590,2014-06-24
324,Garcia,Nicolas,nicolas.garcia@gmail.com,"19 rue de la Liberté, Nîmes",0711973784,2020-11-07
325,Martinez,Camille,camille.martin@yahoo.fr,"130 boulevard de la République, Lille",0749330568,2024-06-26
326,Bertrand,Kevin,kevin.bertra@hotmail.fr,"120 rue de la Liberté, Nîmes",0665314483,2012-12-13
327,David,Sarah,sarah.david@yahoo.fr,"30 rue de la Liberté, Marseille",0673637312,2016-12-21
328,Martinez,Maxime,maxime.martin@yahoo.fr,"19 rue de la Paix, Bordeaux",0716094013,2017-11-21
329,Girard,Chloé,chloe.girard@laposte.net,"47 avenue des Fleurs, Toulon",0738633439,2018-01-27
330,Bertrand,Sarah,sarah.bertra@gmail.com,"62 impasse du Château, Nice",0781127300,2019-02-05
331,Michel,Pauline,pauline.michel@free.fr,"10 rue de la Liberté, Toulon",0688958411,2014-11-30
332,Legrand,Manon,manon.legran@hotmail.fr,"139 rue du Commerce, Strasbourg",0733739994,2015-02-10
333,Lefebvre,Manon,manon.lefebv@gmail.com,"36 rue du Commerce, Lyon",0754827714,2019-12-29
334,André,Sarah,sarah.andré@hotmail.fr,"13 rue de la Liberté, Reims",0793198164,2017-11-27
335,Lefebvre,Romain,romain.lefebv@free.fr,"41 rue du Moulin, Nîmes",0611306363,2010-10-06
336,Thomas,Alice,alice.thomas@free.fr,"11 avenue Jean Jaurès, Lille",0699400067,2012-04-13
337,Dubois,Antoine,antoine.dubois@free.fr,"26 avenue Jean Jaurès, Dijon",0722717763,2010-06-06
338,Lambert,Clément,clement.lamber@yahoo.fr,"76 avenue Jean Jaurès, Le Havre",0633776348,2024-03-20
339,André,Théo,theo.andré@outlook.com,"95 rue du Moulin, Rennes",0721161254,2013-12-22
340,Girard,Julien,julien.girard@hotmail.fr,"35 boulevard Victor Hugo, Toulon",0785952511,2011-05-03
341,François,Lucas,lucas.franço@hotmail.fr,"107 rue de la Paix, Marseille",0724897335,2014-10-24
342,Lambert,Romain,romain.lamber@orange.fr,"67 avenue Jean Jaurès, Villeurbanne",0714293708,2016-05-03
343,Thomas,Quentin,quentin.thomas@free.fr,"114 rue du Moulin, Nice",0789854240,2011-02-10
344,Girard,Charlotte,charlotte.girard@gmail.com,"94 rue de la Paix, Montpellier",0616461845,2018-10-22
345,Petit,Zoé,zoe.petit@hotmail.fr,"78 rue de la Paix, Strasbourg",0610403216,2017-10-23
346,Martinez,Nicolas,nicolas.martin@gmail.com,"55 rue de la Liberté, Lyon",0718644892,2022-03-05
347,Legrand,Zoé,zoe.legran@hotmail.fr,"25 rue du Moulin, Rennes",0683208168,2017-10-06
348,Girard,Romain,romain.girard@orange.fr,"146 impasse du Château, Nice",0658499037,2011-08-02
349,Michel,Nicolas,nicolas.michel@gmail.com,"125 boulevard de la République, Nîmes",0696453037,2018-12-03
350,Bernard,Pauline,pauline.bernar@hotmail.fr,"19 rue du Commerce, Le Havre",0774089052,2010-12-28
351,Bertrand,Quentin,quentin.bertra@laposte.net,"69 boulevard Victor Hugo, Strasbourg",0686541148,2016-06-25
352,André,Charlotte,charlotte.andré@orange.fr,"96 rue du Moulin, Paris",0662697974,2020-04-13
353,Simon,Emma,emma.simon@hotmail.fr,"84 rue de la Paix, Strasbourg",0694944132,2010-04-01
354,Petit,Quentin,quentin.petit@yahoo.fr,"98 impasse du Château, Bordeaux",0662501008,2016-05-30
355,Roux,Florian,florian.roux@yahoo.fr,"66 boulevard Victor Hugo, Nîmes",0694253345,2024-11-01
356,Lambert,Alexandre,alexandre.lamber@gmail.com,"57 allée des Roses, Rennes",0619360882,2010-09-19
357,Bonnet,Mathieu,mathieu.bonnet@laposte.net,"12 impasse du Château, Montpellier",0695524438,2022-02-18
358,Leroy,Louise,louise.leroy@orange.fr,"63 rue de la Paix, Nice",0621863001,2018-10-22
359,Lambert,Chloé,chloe.lamber@orange.fr,"35 boulevard de la République, Paris",0754897404,2017-06-29
360,François,Alice,alice.franço@outlook.com,"145 boulevard Victor Hugo, Marseille",0689647361,2023-04-25
361,Richard,Manon,manon.richar@outlook.com,"102 rue de la Paix, Montpellier",0666248001,2014-01-07
362,Garcia,Pierre,pierre.garcia@hotmail.fr,"95 impasse du Château, Dijon",0620433775,2020-05-12
363,André,Marie,marie.andré@laposte.net,"33 rue de la Paix, Toulon",0622191547,2017-09-21
364,André,Alexandre,alexandre.andré@outlook.com,"141 rue de la Paix, Nantes",0667908115,2013-10-10
365,Mercier,Guillaume,guillaume.mercie@free.fr,"44 avenue des Fleurs, Reims",0680095741,2020-12-18
366,Vincent,Romain,romain.vincen@orange.fr,"25 rue de la Liberté, Toulouse",0677529353,2014-09-29
367,Roux,Alice,alice.roux@outlook.com,"141 avenue des Fleurs, Nîmes",0786366538,2020-05-27
368,André,Emma,emma.andré@laposte.net,"25 rue de la Liberté, Angers",0616757047,2017-08-14
369,Roux,Quentin,quentin.roux@yahoo.fr,"56 avenue des Fleurs, Angers",0791692490,2021-05-28
370,Lambert,Emma,emma.lamber@outlook.com,"131 allée des Roses, Rennes",0717169970,2012-02-26
371,Mercier,Lucas,lucas.mercie@free.fr,"123 boulevard Victor Hugo, Paris",0633841398,2014-10-18
372,Robert,Pauline,pauline.robert@gmail.com,"59 boulevard Victor Hugo, Nice",0643817770,2016-03-22
373,Leroy,Jade,jade.leroy@orange.fr,"55 boulevard Victor Hugo, Dijon",0618863603,2018-01-27
374,Girard,Thomas,thomas.girard@yahoo.fr,"33 rue de la Paix, Nice",0695099927,2011-02-20
375,Durand,Laura,laura.durand@laposte.net,"34 boulevard Victor Hugo, Toulon",0758207686,2012-11-07
376,Laurent,Alexandre,alexandre.lauren@hotmail.fr,"50 rue de la Paix, Nice",0666093439,2011-01-21
377,Lefebvre,Sarah,sarah.lefebv@yahoo.fr,"51 rue de la Paix, Lyon",0789842205,2019-11-14
378,Laurent,Anaïs,anaïs.lauren@laposte.net,"102 boulevard de la République, Toulouse",0627719312,2011-08-05
379,Fournier,Lucas,lucas.fourni@orange.fr,"23 rue de la Liberté, Marseille",0750069088,2023-08-22
380,Vincent,Lucas,lucas.vincen@yahoo.fr,"136 rue du Moulin, Toulouse",0645389275,2022-02-20
381,Fournier,Camille,camille.fourni@gmail.com,"100 rue de la Liberté, Nantes",0686167096,2014-07-22
382,David,Mathieu,mathieu.david@free.fr,"4 rue du Commerce, Lyon",0764473983,2018-04-08
383,Garcia,Lucie,lucie.garcia@gmail.com,"11 rue de la Liberté, Montpellier",0730531509,2022-10-17
384,Laurent,Inès,ines.lauren@hotmail.fr,"16 allée des Roses, Nîmes",0744190049,2024-09-18
385,Michel,Florian,florian.michel@free.fr,"101 rue du Moulin, Lille",0640161371,2019-05-08
386,Moreau,Marie,marie.moreau@laposte.net,"97 boulevard Victor Hugo, Toulon",0627377943,2013-10-15
387,Michel,Laura,laura.michel@yahoo.fr,"31 avenue des Fleurs, Lille",0644323019,2019-03-21
388,Morel,Clément,clement.morel@outlook.com,"143 impasse du Château, Bordeaux",0623611269,2021-07-18
389,Mercier,Adrien,adrien.mercie@orange.fr,"127 boulevard de la République, Villeurbanne",0693587401,2013-04-23
390,Legrand,Baptiste,baptiste.legran@yahoo.fr,"22 boulevard de la République, Nîmes",0745389150,2014-07-05
391,Martinez,Chloé,chloe.martin@outlook.com,"35 allée des Roses, Toulon",0659074470,2011-04-17
392,Durand,Pauline,pauline.durand@laposte.net,"58 rue du Moulin, Bordeaux",0614661983,2015-05-28
393,André,Julien,julien.andré@hotmail.fr,"94 rue du Commerce, Grenoble",0713756676,2015-12-28
394,Dupont,Anaïs,anaïs.dupont@laposte.net,"100 boulevard de la République, Bordeaux",0754402602,2020-03-04
395,André,Charlotte,charlotte.andré@orange.fr,"69 impasse du Château, Strasbourg",0742202747,2018-04-25
396,Lefebvre,Sarah,sarah.lefebv@orange.fr,"99 boulevard de la République, Dijon",0718533850,2014-09-06
397,Dubois,Laura,laura.dubois@free.fr,"46 impasse du Château, Lille",0712969702,2010-03-06
398,Legrand,Zoé,zoe.legran@laposte.net,"79 rue du Commerce, Marseille",0734879238,2018-12-14
399,Lambert,Clément,clement.lamber@laposte.net,"96 boulevard de la République, Le Havre",0750545437,2020-01-08
400,François,Antoine,antoine.franço@yahoo.fr,"62 rue de la Paix, Toulon",0728348753,2018-04-03
401,Richard,Hugo,hugo.richar@hotmail.fr,"99 avenue des Fleurs, Lille",0699616888,2024-08-05
402,Lambert,Alexandre,alexandre.lamber@hotmail.fr,"41 rue de la Liberté, Toulouse",0752511436,2014-10-15
403,Vincent,Florian,florian.vincen@outlook.com,"106 rue du Moulin, Toulon",0623992174,2010-05-29
404,Morel,Adrien,adrien.morel@yahoo.fr,"32 avenue Jean Jaurès, Dijon",0732415998,2012-09-12
405,Mercier,Romain,romain.mercie@yahoo.fr,"141 avenue Jean Jaurès, Marseille",0752726287,2014-09-10
406,Mercier,Sarah,sarah.mercie@hotmail.fr,"46 rue de la Liberté, Dijon",0744864610,2024-08-03
407,Thomas,Sophie,sophie.thomas@orange.fr,"128 rue du Moulin, Nantes",0681006112,2017-08-29
408,Martinez,Alexandre,alexandre.martin@orange.fr,"114 avenue Jean Jaurès, Toulon",0687484527,2018-12-24
409,Petit,Clara,clara.petit@gmail.com,"50 avenue Jean Jaurès, Paris",0647400755,2024-06-25
410,Bonnet,Romain,romain.bonnet@hotmail.fr,"40 avenue Jean Jaurès, Angers",0613299958,2017-04-20
411,Martin,Nicolas,nicolas.martin@hotmail.fr,"39 avenue Jean Jaurès, Nantes",0618819793,2014-03-07
412,Girard,Anaïs,anaïs.girard@hotmail.fr,"50 avenue des Fleurs, Saint-Étienne",0691096407,2015-02-01
413,Dupont,Maxime,maxime.dupont@gmail.com,"102 rue du Commerce, Marseille",0732075919,2014-06-14
414,Lefebvre,Maxime,maxime.lefebv@outlook.com,"89 impasse du Château, Nice",0733623696,2010-08-08
415,Mercier,Kevin,kevin.mercie@free.fr,"125 rue du Moulin, Reims",0660134200,2017-11-25
416,Robert,Alexandre,alexandre.robert@yahoo.fr,"44 boulevard Victor Hugo, Toulon",0692671221,2021-09-17
417,Moreau,Thomas,thomas.moreau@yahoo.fr,"94 avenue Jean Jaurès, Montpellier",0740266345,2015-01-31
418,Dubois,Clara,clara.dubois@gmail.com,"130 impasse du Château, Lyon",0763297325,2011-02-06
419,Bertrand,Sophie,sophie.bertra@laposte.net,"48 rue de la Liberté, Villeurbanne",0726212584,2021-05-05
420,Lefebvre,Maxime,maxime.lefebv@yahoo.fr,"10 avenue des Fleurs, Paris",0726734439,2018-11-22
421,Morel,Romain,romain.morel@laposte.net,"142 rue du Moulin, Angers",0622031352,2021-01-21
422,Roux,Sarah,sarah.roux@orange.fr,"67 rue de la Liberté, Grenoble",0653528399,2015-11-22
423,Petit,Pierre,pierre.petit@gmail.com,"56 boulevard Victor Hugo, Nice",0678230692,2024-03-27
424,Moreau,Guillaume,guillaume.moreau@outlook.com,"65 boulevard Victor Hugo, Reims",0699255332,2024-02-28
425,Mercier,Lucas,lucas.mercie@laposte.net,"91 rue de la Liberté, Lyon",0734567276,2023-11-11
426,Laurent,Léa,lea.lauren@gmail.com,"13 rue de la Liberté, Montpellier",0742835306,2024-07-12
427,Bernard,Adrien,adrien.bernar@laposte.net,"70 rue de la Liberté, Grenoble",0724031307,2015-04-20
428,Girard,Quentin,quentin.girard@outlook.com,"81 rue du Moulin, Angers",0726377872,2022-08-07
429,Martin,Laura,laura.martin@outlook.com,"19 rue du Moulin, Le Havre",0663860585,2011-04-15
430,Durand,Lucie,lucie.durand@hotmail.fr,"147 avenue Jean Jaurès, Reims",0718490284,2016-03-17
431,Laurent,Sophie,sophie.lauren@outlook.com,"82 allée des Roses, Nîmes",0633391451,2024-10-18
432,Dubois,Romain,romain.dubois@laposte.net,"110 allée des Roses, Marseille",0685997625,2017-09-04
433,Leroy,Clara,clara.leroy@yahoo.fr,"5 boulevard de la République, Marseille",0789513946,2023-04-03
434,Roux,Anaïs,anaïs.roux@laposte.net,"128 impasse du Château, Nantes",0674043381,2010-01-05
435,Leroy,Thomas,thomas.leroy@free.fr,"44 rue de la Liberté, Nantes",0619545651,2024-08-16
436,Robert,Julie,julie.robert@free.fr,"23 boulevard Victor Hugo, Lille",0637083170,2015-06-19
437,Lefebvre,Zoé,zoe.lefebv@gmail.com,"119 rue du Commerce, Nîmes",0764490175,2022-09-14
438,Dubois,Léa,lea.dubois@gmail.com,"43 rue de la Liberté, Grenoble",0741047809,2023-07-03
439,Garcia,Pierre,pierre.garcia@free.fr,"100 rue de la Paix, Toulon",0787413513,2021-12-29
440,Michel,Pauline,pauline.michel@gmail.com,"91 rue du Moulin, Strasbourg",0737248252,2023-07-08
441,Simon,Théo,theo.simon@yahoo.fr,"80 rue du Moulin, Paris",0734385885,2012-10-18
442,Richard,Nicolas,nicolas.richar@laposte.net,"31 boulevard de la République, Marseille",0713156663,2017-10-30
443,Leroy,Lucie,lucie.leroy@gmail.com,"73 boulevard de la République, Toulon",0774416180,2011-02-14
444,Michel,Pierre,pierre.michel@free.fr,"144 avenue Jean Jaurès, Le Havre",0751498353,2024-12-03
445,Lefebvre,Jade,jade.lefebv@gmail.com,"77 boulevard de la République, Toulon",0751541660,2019-06-01
446,Martinez,Théo,theo.martin@gmail.com,"89 rue de la Liberté, Lyon",0754375853,2010-07-08
447,Laurent,Chloé,chloe.lauren@free.fr,"81 rue du Moulin, Grenoble",0615051291,2018-08-30
448,Michel,Charlotte,charlotte.michel@outlook.com,"48 avenue Jean Jaurès, Toulon",0624751864,2022-09-07
449,Vincent,Laura,laura.vincen@outlook.com,"98 rue du Moulin, Rennes",0616649866,2018-04-27
450,Richard,Marie,marie.richar@yahoo.fr,"95 impasse du Château, Toulouse",0681003352,2020-05-18
451,Michel,Léa,lea.michel@hotmail.fr,"77 rue du Moulin, Marseille",0792420626,2021-10-06
452,Lefebvre,Zoé,zoe.lefebv@hotmail.fr,"90 allée des Roses, Saint-Étienne",0743287832,2017-05-30
453,Mercier,Manon,manon.mercie@free.fr,"57 allée des Roses, Bordeaux",0650983721,2012-09-20
454,Legrand,Charlotte,charlotte.legran@free.fr,"63 boulevard de la République, Montpellier",0747015631,2020-02-11
455,Vincent,Chloé,chloe.vincen@laposte.net,"70 rue de la Liberté, Bordeaux",0680574974,2024-09-29
456,Durand,Pierre,pierre.durand@free.fr,"13 boulevard de la République, Rennes",0727220631,2020-09-12
457,Girard,Kevin,kevin.girard@yahoo.fr,"137 rue du Commerce, Nîmes",0723389421,2013-07-15
458,Martinez,Thomas,thomas.martin@gmail.com,"147 avenue Jean Jaurès, Nice",0633264910,2020-09-26
459,Simon,Quentin,quentin.simon@outlook.com,"78 rue du Commerce, Reims",0648529266,2019-04-05
460,David,Alice,alice.david@gmail.com,"150 boulevard Victor Hugo, Nice",0642807356,2010-12-18
461,Vincent,Sarah,sarah.vincen@outlook.com,"111 allée des Roses, Le Havre",0629915454,2023-09-14
462,Bernard,Kevin,kevin.bernar@laposte.net,"8 boulevard Victor Hugo, Reims",0628301985,2012-07-29
463,Simon,Florian,florian.simon@hotmail.fr,"101 impasse du Château, Dijon",0735543591,2023-01-23
464,Martin,Jade,jade.martin@hotmail.fr,"143 rue de la Liberté, Marseille",0619232076,2018-02-01
465,Leroy,Léa,lea.leroy@gmail.com,"84 rue de la Liberté, Le Havre",0621360466,2014-12-31
466,Martinez,Sophie,sophie.martin@yahoo.fr,"53 allée des Roses, Nantes",0664679723,2013-01-16
467,Petit,Alexandre,alexandre.petit@orange.fr,"80 avenue Jean Jaurès, Lille",0645584224,2014-08-31
468,Moreau,Thomas,thomas.moreau@outlook.com,"60 avenue Jean Jaurès, Nîmes",0777704078,2024-10-04
469,Bonnet,Pauline,pauline.bonnet@free.fr,"8 rue de la Paix, Angers",0728907022,2016-04-17
470,Bernard,Charlotte,charlotte.bernar@gmail.com,"40 avenue des Fleurs, Grenoble",0748392494,2020-06-12
471,Bernard,Léa,lea.bernar@yahoo.fr,"78 rue du Moulin, Rennes",0630825995,2022-01-13
472,Richard,Sophie,sophie.richar@orange.fr,"42 rue du Commerce, Villeurbanne",0766656565,2017-08-03
473,Dupont,Florian,florian.dupont@free.fr,"87 boulevard Victor Hugo, Strasbourg",0627914921,2013-06-09
474,Robert,Thomas,thomas.robert@gmail.com,"5 boulevard Victor Hugo, Rennes",0786989557,2014-11-01
475,Durand,Thomas,thomas.durand@orange.fr,"6 rue du Moulin, Strasbourg",0764799954,2019-11-22
476,Girard,Antoine,antoine.girard@laposte.net,"110 avenue Jean Jaurès, Reims",0668725569,2019-07-29
477,Fournier,Quentin,quentin.fourni@hotmail.fr,"89 impasse du Château, Montpellier",0633294933,2024-05-24
478,Bernard,Léa,lea.bernar@yahoo.fr,"21 boulevard Victor Hugo, Montpellier",0775449429,2015-04-10
479,Leroy,Maxime,maxime.leroy@gmail.com,"34 rue de la Paix, Nice",0771532475,2023-01-16
480,Garcia,Julien,julien.garcia@hotmail.fr,"42 boulevard Victor Hugo, Nice",0716995319,2011-04-25
481,Legrand,Clara,clara.legran@outlook.com,"67 rue du Commerce, Toulon",0673926166,2024-04-07
482,Bonnet,Alice,alice.bonnet@gmail.com,"67 rue de la Liberté, Toulouse",0645394511,2018-08-31
483,Durand,Pauline,pauline.durand@yahoo.fr,"138 avenue Jean Jaurès, Nice",0794412523,2017-08-13
484,Robert,Lucas,lucas.robert@orange.fr,"82 boulevard de la République, Lyon",0761711055,2021-12-21
485,Legrand,Sarah,sarah.legran@outlook.com,"130 boulevard Victor Hugo, Montpellier",0743434142,2014-03-18
486,Dupont,Charlotte,charlotte.dupont@gmail.com,"20 boulevard Victor Hugo, Toulouse",0621346274,2011-01-22
487,Garcia,Simon,simon.garcia@orange.fr,"132 rue de la Paix, Montpellier",0784195414,2023-10-11
488,Garcia,Julien,julien.garcia@yahoo.fr,"13 avenue Jean Jaurès, Lille",0694460467,2023-06-02
489,Thomas,Romain,romain.thomas@orange.fr,"65 impasse du Château, Nantes",0724682341,2012-04-15
490,Robert,Lucas,lucas.robert@free.fr,"127 rue de la Liberté, Bordeaux",0639569780,2020-03-11
491,Martin,Lucas,lucas.martin@orange.fr,"93 allée des Roses, Nice",0625164841,2013-12-14
492,Girard,Alice,alice.girard@outlook.com,"67 boulevard de la République, Le Havre",0636212551,2010-01-13
493,Moreau,Maxime,maxime.moreau@free.fr,"76 allée des Roses, Toulon",0650900605,2021-08-19
494,Fournier,Louise,louise.fourni@gmail.com,"149 impasse du Château, Paris",0772360903,2013-09-23
495,Fournier,Romain,romain.fourni@laposte.net,"97 rue du Commerce, Reims",0692151642,2017-01-09
496,David,Florian,florian.david@outlook.com,"66 boulevard de la République, Nantes",0767329583,2024-10-03
497,Martinez,Lucas,lucas.martin@orange.fr,"82 rue de la Liberté, Montpellier",0734828471,2021-03-03
498,Lambert,Alice,alice.lamber@orange.fr,"44 boulevard Victor Hugo, Reims",0612353758,2011-10-22
499,Roux,Inès,ines.roux@outlook.com,"22 boulevard Victor Hugo, Villeurbanne",0613728160,2018-04-10
500,Vincent,Pierre,pierre.vincen@yahoo.fr,"74 avenue des Fleurs, Marseille",0765098084,2010-12-11
501,Simon,Kevin,kevin.simon@yahoo.fr,"81 boulevard de la République, Le Havre",0668504386,2020-05-23
502,Richard,Mathieu,mathieu.richar@gmail.com,"76 boulevard Victor Hugo, Lyon",0760597830,2017-07-09
503,Bertrand,Zoé,zoe.bertra@yahoo.fr,"7 rue du Commerce, Rennes",0636109610,2012-05-26
504,Dupont,Adrien,adrien.dupont@gmail.com,"11 rue de la Paix, Bordeaux",0631076736,2024-05-29
505,François,Lucas,lucas.franço@outlook.com,"39 avenue des Fleurs, Nantes",0659944187,2016-08-22
506,Roux,Romain,romain.roux@orange.fr,"40 rue de la Liberté, Angers",0781911907,2019-01-02
507,Thomas,Marie,marie.thomas@free.fr,"150 avenue des Fleurs, Dijon",0745184355,2022-01-19
508,Moreau,Théo,theo.moreau@yahoo.fr,"79 boulevard Victor Hugo, Paris",0662112332,2022-10-14
509,Morel,Anaïs,anaïs.morel@hotmail.fr,"135 avenue Jean Jaurès, Montpellier",0779898039,2018-09-12
510,François,Manon,manon.franço@yahoo.fr,"103 allée des Roses, Toulouse",0727354510,2016-08-23
511,Fournier,Antoine,antoine.fourni@yahoo.fr,"37 rue de la Liberté, Nice",0620080250,2014-02-08
512,André,Baptiste,baptiste.andré@hotmail.fr,"17 rue de la Paix, Lille",0692105579,2021-12-06
513,Moreau,Antoine,antoine.moreau@orange.fr,"125 rue du Commerce, Nîmes",0622085984,2023-10-18
514,Bonnet,Laura,laura.bonnet@outlook.com,"105 boulevard de la République, Villeurbanne",0787224493,2021-10-25
515,Bertrand,Lucas,lucas.bertra@yahoo.fr,"51 avenue des Fleurs, Angers",0617652163,2019-09-09
516,Martin,Clara,clara.martin@yahoo.fr,"44 rue de la Paix, Lyon",0656685693,2013-08-14
517,Roux,Léa,lea.roux@outlook.com,"102 rue du Moulin, Toulouse",0653186631,2011-01-16
518,Leroy,Emma,emma.leroy@free.fr,"63 rue du Commerce, Montpellier",0657684613,2013-08-18
519,Richard,Zoé,zoe.richar@orange.fr,"145 boulevard de la République, Lyon",0670545867,2021-12-23
520,Bonnet,Emma,emma.bonnet@laposte.net,"118 rue de la Liberté, Montpellier",0633798199,2022-06-20
521,Fournier,Simon,simon.fourni@outlook.com,"99 rue du Moulin, Strasbourg",0764694937,2011-11-14
522,Martinez,Julie,julie.martin@gmail.com,"139 rue de la Liberté, Nantes",0771052396,2015-07-24
523,Moreau,Pauline,pauline.moreau@outlook.com,"28 rue de la Paix, Marseille",0630810799,2021-05-06
524,Martinez,Maxime,maxime.martin@laposte.net,"58 boulevard de la République, Nice",0682553306,2021-05-25
525,Martinez,Romain,romain.martin@orange.fr,"48 avenue Jean Jaurès, Villeurbanne",0680914604,2017-04-19
526,Martinez,Théo,theo.martin@gmail.com,"124 avenue Jean Jaurès, Le Havre",0697327774,2019-06-24
527,Richard,Charlotte,charlotte.richar@laposte.net,"2 rue du Commerce, Dijon",0697803786,2015-12-23
528,Fournier,Julien,julien.fourni@gmail.com,"33 avenue Jean Jaurès, Villeurbanne",0764995923,2020-05-01
529,Vincent,Romain,romain.vincen@outlook.com,"108 boulevard de la République, Angers",0682614177,2016-09-14
530,Richard,Jade,jade.richar@outlook.com,"5 boulevard Victor Hugo, Le Havre",0759477949,2018-12-15
531,Fournier,Emma,emma.fourni@orange.fr,"91 boulevard de la République, Toulouse",0653442625,2014-07-31
532,Bertrand,Zoé,zoe.bertra@free.fr,"145 boulevard Victor Hugo, Rennes",0739999769,2016-02-14
533,Dupont,Marie,marie.dupont@hotmail.fr,"114 allée des Roses, Nice",0669733842,2024-01-27
534,Dupont,Laura,laura.dupont@laposte.net,"106 rue de la Liberté, Nîmes",0718446205,2019-10-28
535,Martin,Jade,jade.martin@outlook.com,"144 rue de la Paix, Angers",0751203973,2021-03-03
536,Laurent,Pauline,pauline.lauren@free.fr,"147 allée des Roses, Le Havre",0720102295,2014-05-05
537,Michel,Julie,julie.michel@outlook.com,"119 rue du Moulin, Lille",0779657329,2017-09-13
538,Mercier,Théo,theo.mercie@hotmail.fr,"149 rue du Commerce, Angers",0661112881,2023-02-08
539,Moreau,Hugo,hugo.moreau@outlook.com,"81 rue de la Paix, Villeurbanne",0698970427,2021-07-18
540,Simon,Marie,marie.simon@yahoo.fr,"44 avenue des Fleurs, Lyon",0663481951,2020-04-15
541,Lefebvre,Théo,theo.lefebv@laposte.net,"75 rue du Commerce, Villeurbanne",0612426412,2022-03-18
542,Roux,Hugo,hugo.roux@gmail.com,"65 impasse du Château, Dijon",0639721110,2022-06-24
543,Simon,Nicolas,nicolas.simon@free.fr,"124 allée des Roses, Angers",0693061227,2020-08-16
544,Roux,Julie,julie.roux@orange.fr,"89 rue de la Liberté, Montpellier",0630049084,2018-04-24
545,Martin,Nicolas,nicolas.martin@gmail.com,"55 rue de la Paix, Reims",0764129615,2023-04-14
546,Martin,Léa,lea.martin@hotmail.fr,"92 rue de la Liberté, Lille",0684887875,2022-09-06
547,Roux,Florian,florian.roux@laposte.net,"76 rue de la Liberté, Toulon",0677465025,2020-10-05
548,Bertrand,Antoine,antoine.bertra@gmail.com,"121 boulevard Victor Hugo, Saint-Étienne",0614191620,2024-02-26
549,Laurent,Mathieu,mathieu.lauren@hotmail.fr,"32 rue de la Paix, Montpellier",0749678304,2015-08-27
550,Fournier,Guillaume,guillaume.fourni@hotmail.fr,"12 rue de la Liberté, Grenoble",0799290377,2019-06-19
551,Richard,Inès,ines.richar@gmail.com,"78 rue de la Paix, Le Havre",0626917610,2017-04-04
552,Fournier,Zoé,zoe.fourni@laposte.net,"112 avenue Jean Jaurès, Nice",0767105644,2013-12-31
553,Thomas,Lucas,lucas.thomas@outlook.com,"3 impasse du Château, Montpellier",0695255405,2024-10-19
554,Lambert,Anaïs,anaïs.lamber@orange.fr,"8 allée des Roses, Grenoble",0774478238,2016-10-22
555,Laurent,Alice,alice.lauren@gmail.com,"58 boulevard de la République, Saint-Étienne",0732913980,2015-03-14
556,Martin,Clément,clement.martin@outlook.com,"126 avenue des Fleurs, Nice",0754696776,2017-10-19
557,Richard,Antoine,antoine.richar@outlook.com,"15 rue de la Paix, Montpellier",0727143066,2014-02-23
558,Legrand,Julien,julien.legran@yahoo.fr,"121 rue du Moulin, Nice",0776391266,2019-07-19
559,Morel,Pauline,pauline.morel@hotmail.fr,"140 rue du Moulin, Villeurbanne",0784582785,2017-03-16
560,Richard,Emma,emma.richar@outlook.com,"150 allée des Roses, Nantes",0728782845,2017-01-05
561,Thomas,Théo,theo.thomas@gmail.com,"129 impasse du Château, Grenoble",0792536894,2020-01-24
562,Simon,Nicolas,nicolas.simon@free.fr,"14 rue du Commerce, Lyon",0751408024,2012-01-30
563,Garcia,Anaïs,anaïs.garcia@outlook.com,"79 allée des Roses, Grenoble",0659139993,2014-10-26
564,Moreau,Laura,laura.moreau@gmail.com,"113 rue du Commerce, Lille",0671907135,2017-12-29
565,Garcia,Charlotte,charlotte.garcia@hotmail.fr,"52 allée des Roses, Lille",0614918680,2015-03-11
566,Roux,Louise,louise.roux@yahoo.fr,"8 rue du Moulin, Strasbourg",0681115416,2019-06-14
567,André,Julien,julien.andré@gmail.com,"52 rue du Moulin, Dijon",0667327614,2021-07-04
568,Roux,Louise,louise.roux@orange.fr,"45 rue du Commerce, Marseille",0733365734,2022-03-09
569,Martin,Léa,lea.martin@outlook.com,"74 rue du Commerce, Saint-Étienne",0652408734,2011-05-28
570,Thomas,Emma,emma.thomas@yahoo.fr,"114 allée des Roses, Saint-Étienne",0798703668,2017-05-06
571,Lambert,Quentin,quentin.lamber@orange.fr,"132 rue de la Paix, Toulouse",0657813783,2020-09-23
572,Leroy,Baptiste,baptiste.leroy@outlook.com,"98 avenue Jean Jaurès, Marseille",0769417259,2018-07-01
573,Lambert,Kevin,kevin.lamber@yahoo.fr,"102 boulevard de la République, Marseille",0740129718,2018-11-19
574,Fournier,Kevin,kevin.fourni@hotmail.fr,"148 allée des Roses, Le Havre",0745164121,2011-03-08
575,Thomas,Nicolas,nicolas.thomas@yahoo.fr,"13 rue du Commerce, Villeurbanne",0774382977,2022-12-14
576,Martinez,Adrien,adrien.martin@free.fr,"60 impasse du Château, Nantes",0621406410,2023-05-02
577,Moreau,Louise,louise.moreau@outlook.com,"74 boulevard Victor Hugo, Lille",0747169633,2021-07-17
578,Dupont,Zoé,zoe.dupont@free.fr,"118 boulevard de la République, Reims",0732910504,2018-04-27
579,Morel,Alice,alice.morel@outlook.com,"147 impasse du Château, Dijon",0679566756,2012-06-29
580,Robert,Lucas,lucas.robert@free.fr,"19 avenue Jean Jaurès, Nîmes",0782318275,2024-10-23
581,Moreau,Pierre,pierre.moreau@orange.fr,"136 rue du Commerce, Strasbourg",0720999047,2010-04-28
582,Bertrand,Charlotte,charlotte.bertra@laposte.net,"77 allée des Roses, Rennes",0645685256,2014-08-16
583,Dupont,Jade,jade.dupont@yahoo.fr,"41 rue du Commerce, Le Havre",0621140095,2014-11-18
584,Bertrand,Maxime,maxime.bertra@free.fr,"129 impasse du Château, Saint-Étienne",0620994583,2015-07-07
585,Dubois,Pauline,pauline.dubois@outlook.com,"71 impasse du Château, Nîmes",0613041899,2023-11-05
586,Garcia,Antoine,antoine.garcia@yahoo.fr,"120 boulevard de la République, Lyon",0752362188,2022-07-26
587,Vincent,Clara,clara.vincen@laposte.net,"54 rue du Moulin, Reims",0694289287,2024-09-26
588,Roux,Louise,louise.roux@yahoo.fr,"6 avenue Jean Jaurès, Paris",0736193780,2018-11-07
589,Thomas,Antoine,antoine.thomas@yahoo.fr,"148 rue du Moulin, Nîmes",0611400593,2021-12-12
590,David,Kevin,kevin.david@yahoo.fr,"79 boulevard Victor Hugo, Rennes",0726275588,2019-07-27
591,Bernard,Kevin,kevin.bernar@outlook.com,"136 impasse du Château, Angers",0677416019,2012-10-04
592,Simon,Baptiste,baptiste.simon@yahoo.fr,"16 boulevard Victor Hugo, Lille",0671879545,2018-12-25
593,Legrand,Clément,clement.legran@yahoo.fr,"136 avenue Jean Jaurès, Strasbourg",0763963175,2019-11-13
594,André,Maxime,maxime.andré@yahoo.fr,"90 rue du Commerce, Villeurbanne",0786282637,2014-09-09
595,Lambert,Chloé,chloe.lamber@gmail.com,"16 rue de la Paix, Rennes",0767740709,2018-03-24
596,Girard,Anaïs,anaïs.girard@yahoo.fr,"64 avenue des Fleurs, Rennes",0760408631,2023-02-12
597,Richard,Charlotte,charlotte.richar@hotmail.fr,"92 impasse du Château, Toulouse",0660980034,2015-07-10
598,Bernard,Zoé,zoe.bernar@yahoo.fr,"35 rue du Commerce, Montpellier",0775251163,2020-04-01
599,Roux,Lucas,lucas.roux@yahoo.fr,"108 rue de la Liberté, Saint-Étienne",0656052172,2016-08-13
600,Dubois,Simon,simon.dubois@gmail.com,"97 allée des Roses, Bordeaux",0665325710,2010-10-14
601,André,Guillaume,guillaume.andré@laposte.net,"119 impasse du Château, Strasbourg",0781861944,2024-03-28
602,Bonnet,Clara,clara.bonnet@yahoo.fr,"68 rue de la Paix, Reims",0615029596,2022-07-26
603,David,Pierre,pierre.david@orange.fr,"55 rue de la Paix, Bordeaux",0675311205,2014-09-05
604,Legrand,Laura,laura.legran@orange.fr,"131 avenue des Fleurs, Bordeaux",0746317732,2012-08-08
605,Simon,Kevin,kevin.simon@laposte.net,"55 rue de la Paix, Nîmes",0787193004,2011-01-03
606,Lefebvre,Jade,jade.lefebv@free.fr,"67 boulevard de la République, Paris",0633237546,2022-01-13
607,Bertrand,Zoé,zoe.bertra@laposte.net,"117 allée des Roses, Rennes",0725017061,2015-04-27
608,Mercier,Pauline,pauline.mercie@hotmail.fr,"117 boulevard Victor Hugo, Grenoble",0670869451,2014-05-30
609,Lambert,Mathieu,mathieu.lamber@laposte.net,"142 rue du Commerce, Toulouse",0661505711,2016-01-29
610,Moreau,Maxime,maxime.moreau@orange.fr,"54 boulevard de la République, Dijon",0678082899,2014-08-11
611,Morel,Anaïs,anaïs.morel@orange.fr,"92 rue du Commerce, Montpellier",0638782865,2016-05-15
612,Martin,Anaïs,anaïs.martin@gmail.com,"65 avenue des Fleurs, Montpellier",0691207477,2023-12-20
613,Petit,Romain,romain.petit@yahoo.fr,"132 rue de la Liberté, Paris",0683142099,2018-11-18
614,Leroy,Romain,romain.leroy@laposte.net,"43 rue de la Paix, Bordeaux",0697940633,2013-10-27
615,Fournier,Julien,julien.fourni@gmail.com,"9 impasse du Château, Toulon",0727978533,2016-01-09
616,Martin,Camille,camille.martin@free.fr,"15 avenue Jean Jaurès, Nîmes",0723382149,2014-10-29
617,Laurent,Hugo,hugo.lauren@orange.fr,"62 rue du Commerce, Marseille",0693400769,2023-10-27
618,Morel,Julie,julie.morel@free.fr,"37 boulevard Victor Hugo, Bordeaux",0713779742,2022-07-08
619,Mercier,Laura,laura.mercie@yahoo.fr,"100 allée des Roses, Nîmes",0737472503,2013-12-24
620,David,Camille,camille.david@hotmail.fr,"77 boulevard Victor Hugo, Nantes",0711877542,2024-06-25
621,Michel,Lucas,lucas.michel@yahoo.fr,"26 avenue des Fleurs, Angers",0614757486,2016-11-07
622,Michel,Louise,louise.michel@gmail.com,"26 rue de la Liberté, Strasbourg",0673738810,2013-05-08
623,André,Anaïs,anaïs.andré@free.fr,"44 rue de la Paix, Nice",0614267792,2017-07-09
624,Martinez,Théo,theo.martin@orange.fr,"107 boulevard Victor Hugo, Marseille",0736386383,2022-03-13
625,Simon,Thomas,thomas.simon@gmail.com,"120 avenue Jean Jaurès, Villeurbanne",0714029896,2012-02-24
626,Robert,Chloé,chloe.robert@yahoo.fr,"86 boulevard de la République, Paris",0671927371,2023-10-20
627,Petit,Camille,camille.petit@gmail.com,"9 avenue Jean Jaurès, Nantes",0622552604,2014-07-31
628,Bernard,Charlotte,charlotte.bernar@yahoo.fr,"131 avenue Jean Jaurès, Marseille",0776520220,2014-03-01
629,Lambert,Thomas,thomas.lamber@orange.fr,"65 impasse du Château, Bordeaux",0725015562,2012-06-27
630,Lambert,Adrien,adrien.lamber@hotmail.fr,"18 avenue Jean Jaurès, Paris",0744471853,2015-06-30
631,Robert,Sophie,sophie.robert@hotmail.fr,"58 allée des Roses, Lille",0634651384,2013-03-27
632,Martin,Théo,theo.martin@hotmail.fr,"37 impasse du Château, Nantes",0688881524,2011-11-06
633,Vincent,Thomas,thomas.vincen@orange.fr,"70 allée des Roses, Toulon",0734198721,2023-11-03
634,Girard,Maxime,maxime.girard@yahoo.fr,"47 rue de la Liberté, Reims",0722666580,2012-12-05
635,Dubois,Clara,clara.dubois@hotmail.fr,"120 boulevard de la République, Lille",0627976656,2017-09-26
636,Roux,Charlotte,charlotte.roux@gmail.com,"90 avenue des Fleurs, Le Havre",0627637986,2012-05-20
637,Legrand,Clément,clement.legran@free.fr,"138 boulevard de la République, Marseille",0667695778,2019-01-28
638,Lambert,Zoé,zoe.lamber@orange.fr,"138 rue de la Liberté, Bordeaux",0784625405,2021-07-10
639,Petit,Laura,laura.petit@free.fr,"119 rue de la Liberté, Lyon",0677135692,2016-01-15
640,Leroy,Anaïs,anaïs.leroy@free.fr,"7 rue du Commerce, Montpellier",0798227915,2011-12-27
641,Bernard,Kevin,kevin.bernar@orange.fr,"126 allée des Roses, Villeurbanne",0621509711,2016-09-29
642,Lefebvre,Nicolas,nicolas.lefebv@outlook.com,"147 rue du Commerce, Strasbourg",0791594909,2024-01-10
643,Lambert,Maxime,maxime.lamber@orange.fr,"84 rue du Moulin, Bordeaux",0778432453,2016-01-25
644,Bertrand,Sophie,sophie.bertra@hotmail.fr,"41 avenue des Fleurs, Montpellier",0752756551,2019-09-07
645,André,Pierre,pierre.andré@outlook.com,"3 boulevard Victor Hugo, Marseille",0636749842,2021-01-10
646,Laurent,Thomas,thomas.lauren@gmail.com,"85 rue de la Paix, Strasbourg",0610265528,2010-06-18
647,Bertrand,Adrien,adrien.bertra@yahoo.fr,"97 rue du Moulin, Lille",0770859288,2023-04-26
648,Martin,Guillaume,guillaume.martin@hotmail.fr,"1 rue du Commerce, Dijon",0626283037,2012-09-02
649,Martin,Marie,marie.martin@yahoo.fr,"149 avenue des Fleurs, Le Havre",0641554178,2021-02-02
650,Mercier,Florian,florian.mercie@gmail.com,"149 rue du Commerce, Nîmes",0792916480,2018-09-16
651,Lambert,Adrien,adrien.lamber@orange.fr,"87 allée des Roses, Angers",0683499395,2020-10-07
652,Durand,Lucie,lucie.durand@yahoo.fr,"11 rue de la Paix, Paris",0739409531,2019-09-30
653,Mercier,Antoine,antoine.mercie@gmail.com,"63 avenue Jean Jaurès, Marseille",0680248400,2017-02-20
654,Roux,Guillaume,guillaume.roux@laposte.net,"95 allée des Roses, Rennes",0686951198,2016-12-06
655,Petit,Thomas,thomas.petit@hotmail.fr,"67 rue de la Paix, Marseille",0737307038,2015-05-14
656,Michel,Clara,clara.michel@free.fr,"8 avenue Jean Jaurès, Rennes",0787142195,2023-05-25
657,Vincent,Manon,manon.vincen@outlook.com,"70 rue de la Liberté, Saint-Étienne",0729900441,2011-03-16
658,Roux,Nicolas,nicolas.roux@gmail.com,"36 allée des Roses, Paris",0682353403,2021-05-16
659,Morel,Pierre,pierre.morel@yahoo.fr,"57 rue du Commerce, Toulon",0710151477,2018-10-09
660,Bertrand,Nicolas,nicolas.bertra@outlook.com,"89 rue du Commerce, Marseille",0745175775,2017-04-14
661,Durand,Florian,florian.durand@yahoo.fr,"92 rue du Moulin, Saint-Étienne",0731443889,2017-09-22
662,Martin,Marie,marie.martin@yahoo.fr,"76 avenue des Fleurs, Nantes",0685163764,2022-05-17
663,Roux,Julie,julie.roux@hotmail.fr,"30 rue de la Liberté, Marseille",0694764758,2017-10-05
664,Girard,Baptiste,baptiste.girard@free.fr,"102 avenue des Fleurs, Lyon",0672364034,2013-11-17
665,Leroy,Nicolas,nicolas.leroy@yahoo.fr,"110 rue de la Liberté, Paris",0621442470,2022-08-06
666,Robert,Simon,simon.robert@yahoo.fr,"118 avenue des Fleurs, Paris",0633592931,2012-11-07
667,Laurent,Camille,camille.lauren@outlook.com,"23 boulevard Victor Hugo, Paris",0781451022,2018-05-24
668,Mercier,Quentin,quentin.mercie@hotmail.fr,"110 rue de la Liberté, Rennes",0644701832,2018-07-25
669,Morel,Baptiste,baptiste.morel@laposte.net,"46 boulevard Victor Hugo, Toulon",0739361875,2024-03-21
670,Bonnet,Lucie,lucie.bonnet@yahoo.fr,"7 avenue des Fleurs, Villeurbanne",0654680584,2010-02-26
671,Mercier,Jade,jade.mercie@yahoo.fr,"53 allée des Roses, Grenoble",0644825874,2017-11-04
672,David,Camille,camille.david@laposte.net,"105 rue du Commerce, Nantes",0652661147,2012-04-11
673,Girard,Florian,florian.girard@orange.fr,"47 rue de la Liberté, Toulon",0678368892,2019-05-20
674,Legrand,Inès,ines.legran@free.fr,"103 boulevard Victor Hugo, Nice",0720279520,2019-11-30
675,Garcia,Pauline,pauline.garcia@orange.fr,"131 allée des Roses, Villeurbanne",0773525919,2011-10-22
676,Bernard,Kevin,kevin.bernar@gmail.com,"54 impasse du Château, Paris",0665402520,2021-06-12
677,Vincent,Louise,louise.vincen@hotmail.fr,"124 allée des Roses, Nice",0641580556,2016-02-06
678,Bernard,Baptiste,baptiste.bernar@yahoo.fr,"79 rue de la Liberté, Le Havre",0624826072,2011-12-13
679,Bonnet,Clara,clara.bonnet@hotmail.fr,"65 boulevard de la République, Reims",0657904616,2022-11-23
680,Lefebvre,Thomas,thomas.lefebv@outlook.com,"71 allée des Roses, Marseille",0623566103,2023-09-27
681,Roux,Léa,lea.roux@yahoo.fr,"141 avenue des Fleurs, Dijon",0672223246,2010-01-21
682,Moreau,Chloé,chloe.moreau@laposte.net,"58 impasse du Château, Nîmes",0777168294,2021-04-11
683,Bertrand,Julien,julien.bertra@gmail.com,"133 allée des Roses, Nîmes",0782053491,2019-02-02
684,François,Sarah,sarah.franço@yahoo.fr,"5 impasse du Château, Toulouse",0615871005,2012-01-17
685,Moreau,Romain,romain.moreau@laposte.net,"51 allée des Roses, Marseille",0643169838,2010-08-29
686,Bernard,Théo,theo.bernar@laposte.net,"80 boulevard de la République, Dijon",0710562544,2015-05-18
687,Thomas,Laura,laura.thomas@yahoo.fr,"130 rue de la Liberté, Lyon",0637197311,2011-05-27
688,Fournier,Antoine,antoine.fourni@gmail.com,"115 rue du Commerce, Nîmes",0620761833,2016-03-11
689,Petit,Thomas,thomas.petit@laposte.net,"77 avenue Jean Jaurès, Toulouse",0624352951,2021-02-18
690,Bonnet,Kevin,kevin.bonnet@outlook.com,"120 rue du Commerce, Saint-Étienne",0624087799,2018-09-14
691,Girard,Romain,romain.girard@outlook.com,"14 rue du Commerce, Bordeaux",0688092493,2016-05-22
692,Simon,Louise,louise.simon@orange.fr,"94 rue de la Paix, Toulouse",0637653284,2017-08-23
693,Bertrand,Clément,clement.bertra@free.fr,"43 avenue des Fleurs, Paris",0732342927,2021-11-08
694,Mercier,Louise,louise.mercie@laposte.net,"1 avenue Jean Jaurès, Nice",0790362099,2011-04-06
695,Thomas,Florian,florian.thomas@outlook.com,"107 avenue des Fleurs, Saint-Étienne",0684158624,2021-06-26
696,David,Guillaume,guillaume.david@orange.fr,"40 boulevard Victor Hugo, Strasbourg",0743730822,2020-12-31
697,Petit,Adrien,adrien.petit@orange.fr,"125 impasse du Château, Montpellier",0670050178,2022-07-21
698,Richard,Thomas,thomas.richar@orange.fr,"74 rue du Commerce, Paris",0757230948,2021-03-24
699,Richard,Thomas,thomas.richar@orange.fr,"66 allée des Roses, Strasbourg",0638626933,2014-03-06
700,Lefebvre,Antoine,antoine.lefebv@hotmail.fr,"150 rue de la Paix, Le Havre",0784019202,2020-03-23
701,Girard,Lucie,lucie.girard@gmail.com,"121 rue de la Paix, Le Havre",0757849601,2019-10-20
702,Vincent,Alexandre,alexandre.vincen@outlook.com,"94 boulevard Victor Hugo, Marseille",0717371064,2012-08-03
703,Bonnet,Manon,manon.bonnet@gmail.com,"38 rue de la Liberté, Marseille",0674470508,2014-11-18
704,Bernard,Romain,romain.bernar@outlook.com,"134 allée des Roses, Nantes",0738438227,2012-07-10
705,Robert,Kevin,kevin.robert@gmail.com,"74 rue du Commerce, Lille",0639580332,2010-03-25
706,Mercier,Julie,julie.mercie@laposte.net,"109 boulevard de la République, Marseille",0652465525,2015-02-16
707,Thomas,Pierre,pierre.thomas@laposte.net,"95 avenue des Fleurs, Le Havre",0758953018,2022-05-04
708,Lefebvre,Manon,manon.lefebv@hotmail.fr,"63 rue du Moulin, Villeurbanne",0741228780,2022-05-03
709,Martin,Julien,julien.martin@orange.fr,"84 rue de la Paix, Toulouse",0776930209,2015-10-28
710,Bertrand,Quentin,quentin.bertra@yahoo.fr,"150 rue de la Liberté, Toulouse",0773412327,2022-05-18
711,Mercier,Alice,alice.mercie@orange.fr,"29 boulevard Victor Hugo, Angers",0670269142,2017-05-23
712,Durand,Pierre,pierre.durand@hotmail.fr,"96 boulevard de la République, Grenoble",0655817390,2015-10-28
713,François,Théo,theo.franço@outlook.com,"12 boulevard de la République, Toulon",0640478530,2018-08-07
714,Moreau,Pierre,pierre.moreau@laposte.net,"75 rue de la Liberté, Reims",0766754167,2020-05-17
715,Bernard,Laura,laura.bernar@orange.fr,"92 avenue des Fleurs, Toulon",0613666354,2014-07-26
716,Garcia,Simon,simon.garcia@orange.fr,"32 impasse du Château, Le Havre",0797555419,2021-12-03
717,Girard,Quentin,quentin.girard@hotmail.fr,"16 rue du Moulin, Toulouse",0752687971,2015-02-13
718,Martinez,Lucas,lucas.martin@laposte.net,"114 allée des Roses, Marseille",0777545724,2017-04-10
719,Lefebvre,Emma,emma.lefebv@hotmail.fr,"13 boulevard Victor Hugo, Nîmes",0654604683,2018-11-06
720,Martinez,Laura,laura.martin@orange.fr,"116 boulevard Victor Hugo, Angers",0716132843,2019-05-06
721,Robert,Sarah,sarah.robert@orange.fr,"3 avenue Jean Jaurès, Le Havre",0629302769,2011-07-08
722,Petit,Clément,clement.petit@hotmail.fr,"141 rue de la Liberté, Grenoble",0728570788,2023-07-17
723,Martinez,Maxime,maxime.martin@gmail.com,"136 rue de la Liberté, Dijon",0791521360,2019-02-12
724,Bertrand,Hugo,hugo.bertra@gmail.com,"134 rue de la Liberté, Nîmes",0633671297,2017-07-04
725,Leroy,Chloé,chloe.leroy@yahoo.fr,"2 impasse du Château, Paris",0673654820,2022-12-16
726,Martinez,Camille,camille.martin@laposte.net,"84 boulevard de la République, Toulon",0744543935,2010-03-14
727,Girard,Léa,lea.girard@free.fr,"83 rue de la Liberté, Toulon",0673577592,2023-05-10
728,André,Jade,jade.andré@laposte.net,"87 impasse du Château, Bordeaux",0668563783,2011-09-23
729,Bonnet,Alexandre,alexandre.bonnet@yahoo.fr,"135 allée des Roses, Nice",0674002646,2019-01-10
730,Mercier,Florian,florian.mercie@outlook.com,"53 boulevard Victor Hugo, Lyon",0633547318,2013-04-21
731,Thomas,Julie,julie.thomas@free.fr,"20 avenue Jean Jaurès, Reims",0767166869,2012-09-15
732,Michel,Julie,julie.michel@free.fr,"43 rue de la Paix, Lille",0692783895,2018-05-06
733,Leroy,Baptiste,baptiste.leroy@hotmail.fr,"142 rue de la Liberté, Nîmes",0614346230,2013-12-10
734,Vincent,Mathieu,mathieu.vincen@gmail.com,"3 rue du Moulin, Nîmes",0635122935,2014-01-16
735,Lambert,Charlotte,charlotte.lamber@outlook.com,"141 rue de la Paix, Toulouse",0734747698,2018-12-01
736,Bonnet,Jade,jade.bonnet@orange.fr,"20 rue de la Paix, Saint-Étienne",0619590240,2020-06-02
737,Lambert,Maxime,maxime.lamber@hotmail.fr,"21 rue de la Liberté, Strasbourg",0715279811,2010-03-30
738,Vincent,Baptiste,baptiste.vincen@yahoo.fr,"51 rue du Moulin, Nantes",0771584195,2015-09-11
739,Vincent,Lucie,lucie.vincen@hotmail.fr,"58 avenue des Fleurs, Toulon",0685591614,2019-12-13
740,Legrand,Chloé,chloe.legran@gmail.com,"143 rue de la Paix, Angers",0685540642,2018-12-02
741,Bernard,Sarah,sarah.bernar@outlook.com,"41 impasse du Château, Villeurbanne",0724592917,2023-07-16
742,Durand,Guillaume,guillaume.durand@free.fr,"33 avenue Jean Jaurès, Nantes",0734183667,2011-12-14
743,Thomas,Kevin,kevin.thomas@laposte.net,"100 rue du Moulin, Reims",0650059312,2022-08-19
744,Robert,Sophie,sophie.robert@hotmail.fr,"111 rue de la Liberté, Toulon",0796688768,2013-11-07
745,Roux,Emma,emma.roux@free.fr,"78 impasse du Château, Strasbourg",0745537497,2024-01-21
746,Garcia,Marie,marie.garcia@laposte.net,"1 rue du Commerce, Angers",0750446864,2010-01-23
747,Laurent,Jade,jade.lauren@gmail.com,"106 rue de la Paix, Nantes",0683234600,2024-12-01
748,Bonnet,Kevin,kevin.bonnet@laposte.net,"44 boulevard de la République, Lyon",0634987417,2011-09-29
749,Martinez,Manon,manon.martin@free.fr,"61 boulevard de la République, Lyon",0744768842,2022-11-03
750,Durand,Kevin,kevin.durand@yahoo.fr,"45 boulevard Victor Hugo, Reims",0643187506,2013-11-20
751,Durand,Lucas,lucas.durand@outlook.com,"92 avenue des Fleurs, Lyon",0660229580,2017-06-07
752,Thomas,Sophie,sophie.thomas@yahoo.fr,"58 impasse du Château, Lille",0714481563,2019-01-30
753,Fournier,Léa,lea.fourni@laposte.net,"50 rue du Moulin, Strasbourg",0649532925,2015-07-11
754,Vincent,Emma,emma.vincen@free.fr,"110 boulevard Victor Hugo, Paris",0656549341,2022-01-28
755,Robert,Antoine,antoine.robert@gmail.com,"69 allée des Roses, Marseille",0687817765,2019-12-19
756,Lefebvre,Zoé,zoe.lefebv@gmail.com,"81 boulevard de la République, Villeurbanne",0617575494,2013-03-14
757,Lefebvre,Quentin,quentin.lefebv@free.fr,"51 avenue des Fleurs, Grenoble",0751471936,2018-05-03
758,Dubois,Emma,emma.dubois@gmail.com,"4 rue de la Liberté, Nantes",0796022455,2022-09-14
759,Simon,Florian,florian.simon@orange.fr,"26 boulevard de la République, Nice",0663086227,2011-09-15
760,David,Antoine,antoine.david@laposte.net,"96 rue du Moulin, Le Havre",0666848213,2016-02-24
761,Robert,Alice,alice.robert@yahoo.fr,"131 rue de la Liberté, Bordeaux",0723809073,2010-07-28
762,Garcia,Julie,julie.garcia@outlook.com,"59 rue de la Paix, Paris",0698562865,2021-12-15
763,François,Alice,alice.franço@outlook.com,"36 allée des Roses, Lyon",0632309045,2012-05-17
764,André,Romain,romain.andré@gmail.com,"59 impasse du Château, Reims",0652653730,2016-01-29
765,Thomas,Pierre,pierre.thomas@laposte.net,"149 avenue des Fleurs, Lille",0699414559,2011-02-09
766,Legrand,Jade,jade.legran@yahoo.fr,"119 boulevard Victor Hugo, Bordeaux",0791264086,2018-05-25
767,Robert,Laura,laura.robert@outlook.com,"24 rue du Commerce, Angers",0644141277,2017-03-17
768,Richard,Kevin,kevin.richar@gmail.com,"2 allée des Roses, Angers",0776120776,2019-09-05
769,Bonnet,Lucie,lucie.bonnet@free.fr,"148 rue du Moulin, Strasbourg",0632837888,2023-03-23
770,Thomas,Inès,ines.thomas@orange.fr,"92 boulevard de la République, Lyon",0655673394,2022-03-06
771,Leroy,Clara,clara.leroy@free.fr,"15 rue du Commerce, Rennes",0780771894,2014-04-23
772,André,Clément,clement.andré@gmail.com,"112 avenue Jean Jaurès, Nice",0733072173,2021-05-23
773,David,Lucie,lucie.david@yahoo.fr,"33 boulevard de la République, Nantes",0750955675,2024-04-20
774,Dubois,Inès,ines.dubois@yahoo.fr,"150 rue de la Liberté, Nantes",0633167793,2017-11-10
775,Roux,Antoine,antoine.roux@orange.fr,"47 impasse du Château, Le Havre",0650248639,2013-11-10
776,Vincent,Léa,lea.vincen@laposte.net,"65 boulevard Victor Hugo, Paris",0632753536,2013-08-24
777,Dubois,Hugo,hugo.dubois@gmail.com,"74 boulevard de la République, Nîmes",0689728236,2010-04-21
778,Richard,Lucie,lucie.richar@gmail.com,"114 rue de la Paix, Nice",0763486022,2015-11-19
779,Vincent,Sophie,sophie.vincen@orange.fr,"93 rue de la Liberté, Strasbourg",0618959477,2016-05-24
780,André,Thomas,thomas.andré@free.fr,"60 boulevard de la République, Marseille",0621328270,2014-12-05
781,Dupont,Romain,romain.dupont@yahoo.fr,"52 rue du Commerce, Villeurbanne",0628048094,2016-09-06
782,Dubois,Camille,camille.dubois@gmail.com,"57 rue de la Liberté, Paris",0666354268,2021-11-11
783,David,Florian,florian.david@gmail.com,"10 impasse du Château, Le Havre",0763718401,2019-05-18
784,Michel,Quentin,quentin.michel@outlook.com,"34 rue de la Liberté, Lille",0680561155,2017-12-09
785,Vincent,Thomas,thomas.vincen@hotmail.fr,"84 rue du Moulin, Toulon",0636828136,2019-07-03
786,Bonnet,Florian,florian.bonnet@laposte.net,"109 boulevard Victor Hugo, Montpellier",0637593285,2014-06-12
787,Martin,Julie,julie.martin@yahoo.fr,"67 allée des Roses, Marseille",0750221064,2014-06-27
788,Laurent,Théo,theo.lauren@yahoo.fr,"71 allée des Roses, Toulouse",0671708841,2020-05-28
789,Bertrand,Lucie,lucie.bertra@laposte.net,"93 avenue Jean Jaurès, Saint-Étienne",0666638517,2014-09-04
790,Moreau,Zoé,zoe.moreau@laposte.net,"47 boulevard de la République, Lyon",0767521272,2011-07-24
791,François,Alice,alice.franço@gmail.com,"88 avenue des Fleurs, Dijon",0712653862,2021-02-02
792,Moreau,Lucas,lucas.moreau@yahoo.fr,"47 rue de la Paix, Nantes",0785210503,2019-12-27
793,Dupont,Sarah,sarah.dupont@hotmail.fr,"69 avenue des Fleurs, Grenoble",0639396943,2017-09-30
794,Lambert,Alice,alice.lamber@free.fr,"51 rue du Commerce, Le Havre",0770214805,2010-03-30
795,François,Romain,romain.franço@laposte.net,"76 rue du Commerce, Reims",0660801453,2013-01-25
796,Vincent,Pauline,pauline.vincen@free.fr,"11 allée des Roses, Toulon",0636556319,2019-09-25
797,Morel,Camille,camille.morel@free.fr,"4 rue de la Paix, Villeurbanne",0740485747,2017-07-25
798,Mercier,Jade,jade.mercie@yahoo.fr,"69 boulevard Victor Hugo, Marseille",0747383278,2017-03-16
799,Vincent,Nicolas,nicolas.vincen@outlook.com,"57 avenue Jean Jaurès, Angers",0645144944,2019-08-02
800,David,Baptiste,baptiste.david@free.fr,"106 avenue des Fleurs, Lille",0671151032,2021-09-20
