id_exemplaire,id_livre,id_biblio,etat
1,937,10,en réparation
2,946,6,disponible
3,229,8,emprunté
4,913,1,disponible
5,685,10,emprunté
6,272,1,disponible
7,42,4,disponible
8,461,4,en réparation
9,441,1,disponible
10,822,5,en réparation
11,922,9,disponible
12,17,9,en réparation
13,751,5,emprunté
14,680,1,emprunté
15,595,4,disponible
16,566,5,disponible
17,876,4,emprunté
18,399,9,en réparation
19,182,9,emprunté
20,15,7,emprunté
21,663,4,disponible
22,22,2,en réparation
23,768,5,disponible
24,300,5,disponible
25,928,7,disponible
26,168,6,disponible
27,955,5,disponible
28,556,9,disponible
29,79,3,emprunté
30,874,1,emprunté
31,68,5,en réparation
32,117,8,en réparation
33,513,9,disponible
34,126,8,disponible
35,285,2,emprunté
36,95,6,disponible
37,826,4,disponible
38,257,1,disponible
39,636,2,en réparation
40,167,3,perdu
41,535,9,disponible
42,947,6,disponible
43,874,7,disponible
44,443,2,emprunté
45,795,7,emprunté
46,195,10,disponible
47,793,10,emprunté
48,69,4,emprunté
49,957,8,emprunté
50,469,7,disponible
51,378,4,disponible
52,38,8,emprunté
53,585,6,disponible
54,681,6,disponible
55,426,1,emprunté
56,883,8,en réparation
57,864,2,disponible
58,575,2,disponible
59,485,8,disponible
60,565,6,disponible
61,831,1,disponible
62,654,6,emprunté
63,550,7,disponible
64,880,2,disponible
65,308,3,disponible
66,836,7,emprunté
67,288,6,perdu
68,77,9,emprunté
69,511,5,disponible
70,417,1,emprunté
71,292,6,disponible
72,96,3,disponible
73,618,10,en réparation
74,372,2,emprunté
75,271,6,disponible
76,127,3,disponible
77,597,2,disponible
78,284,5,disponible
79,564,9,emprunté
80,82,9,en réparation
81,892,9,en réparation
82,566,5,disponible
83,414,1,disponible
84,900,7,disponible
85,342,5,disponible
86,141,2,emprunté
87,968,10,disponible
88,913,8,disponible
89,829,6,disponible
90,110,5,disponible
91,963,9,disponible
92,254,2,emprunté
93,190,10,disponible
94,107,1,emprunté
95,747,3,disponible
96,981,9,disponible
97,418,1,disponible
98,897,5,emprunté
99,748,4,disponible
100,244,1,disponible
101,628,7,disponible
102,541,5,disponible
103,415,10,disponible
104,593,5,disponible
105,632,2,disponible
106,262,10,emprunté
107,118,7,disponible
108,765,5,disponible
109,591,3,emprunté
110,595,2,emprunté
111,255,3,en réparation
112,237,4,emprunté
113,749,2,emprunté
114,137,4,emprunté
115,116,10,disponible
116,216,2,disponible
117,15,7,emprunté
118,212,8,disponible
119,742,2,disponible
120,333,7,emprunté
121,532,5,disponible
122,207,3,disponible
123,362,4,disponible
124,879,4,emprunté
125,972,5,disponible
126,259,1,disponible
127,163,1,disponible
128,854,1,emprunté
129,537,5,emprunté
130,114,5,disponible
131,287,3,disponible
132,15,8,disponible
133,543,2,emprunté
134,357,5,disponible
135,461,4,emprunté
136,283,8,emprunté
137,277,3,en réparation
138,449,3,disponible
139,241,8,disponible
140,972,9,disponible
141,957,3,disponible
142,739,6,disponible
143,707,2,disponible
144,675,9,disponible
145,765,7,emprunté
146,581,2,disponible
147,290,5,disponible
148,776,9,emprunté
149,589,9,emprunté
150,643,8,en réparation
151,4,3,perdu
152,336,9,en réparation
153,350,1,disponible
154,192,2,disponible
155,739,7,emprunté
156,824,5,disponible
157,644,7,disponible
158,984,10,emprunté
159,366,2,disponible
160,640,4,disponible
161,333,1,emprunté
162,366,8,emprunté
163,546,6,emprunté
164,442,9,disponible
165,79,2,disponible
166,141,4,disponible
167,45,4,disponible
168,548,2,disponible
169,1000,9,disponible
170,139,4,disponible
171,224,6,emprunté
172,263,1,disponible
173,419,2,en réparation
174,659,10,perdu
175,915,4,emprunté
176,946,4,disponible
177,96,5,emprunté
178,550,4,emprunté
179,706,5,disponible
180,674,1,disponible
181,502,4,en réparation
182,909,6,emprunté
183,516,10,disponible
184,590,5,disponible
185,714,6,disponible
186,772,8,en réparation
187,169,1,disponible
188,643,10,emprunté
189,282,4,disponible
190,161,4,disponible
191,751,3,emprunté
192,215,4,disponible
193,472,1,disponible
194,232,10,emprunté
195,121,4,disponible
196,775,5,disponible
197,443,3,emprunté
198,854,3,emprunté
199,8,3,disponible
200,546,3,disponible
201,915,7,emprunté
202,783,3,disponible
203,158,7,disponible
204,235,3,disponible
205,533,9,disponible
206,544,10,emprunté
207,940,10,emprunté
208,908,8,perdu
209,609,9,disponible
210,221,8,emprunté
211,626,8,disponible
212,267,10,disponible
213,752,1,disponible
214,303,7,disponible
215,477,2,emprunté
216,119,3,emprunté
217,236,9,en réparation
218,116,9,en réparation
219,932,10,disponible
220,837,3,emprunté
221,185,9,disponible
222,819,3,emprunté
223,52,9,disponible
224,557,2,emprunté
225,566,2,disponible
226,551,2,disponible
227,341,9,disponible
228,183,1,disponible
229,871,4,disponible
230,809,4,disponible
231,92,9,emprunté
232,453,2,disponible
233,650,9,disponible
234,779,6,disponible
235,698,5,disponible
236,346,1,perdu
237,12,1,disponible
238,708,1,emprunté
239,741,1,emprunté
240,169,10,disponible
241,705,4,disponible
242,825,2,disponible
243,916,9,disponible
244,59,10,emprunté
245,154,6,disponible
246,689,2,disponible
247,517,5,emprunté
248,268,3,emprunté
249,833,3,disponible
250,591,9,emprunté
251,503,9,disponible
252,79,3,en réparation
253,782,5,disponible
254,808,1,disponible
255,481,1,disponible
256,479,1,disponible
257,51,1,disponible
258,908,4,emprunté
259,652,6,disponible
260,742,9,disponible
261,154,7,disponible
262,126,4,disponible
263,817,5,disponible
264,330,6,disponible
265,375,5,emprunté
266,804,10,emprunté
267,43,9,disponible
268,641,8,emprunté
269,213,4,disponible
270,877,10,disponible
271,633,6,disponible
272,18,10,emprunté
273,976,9,emprunté
274,67,1,disponible
275,49,2,disponible
276,259,9,emprunté
277,570,9,disponible
278,268,5,emprunté
279,660,3,en réparation
280,486,8,disponible
281,255,9,emprunté
282,736,4,disponible
283,66,7,disponible
284,159,2,disponible
285,410,10,disponible
286,744,3,emprunté
287,661,5,disponible
288,163,1,disponible
289,430,3,disponible
290,743,9,disponible
291,107,5,disponible
292,258,2,en réparation
293,42,7,disponible
294,647,7,disponible
295,969,6,disponible
296,888,1,emprunté
297,808,4,disponible
298,378,6,emprunté
299,192,5,disponible
300,887,1,disponible
301,482,7,emprunté
302,812,5,disponible
303,526,10,emprunté
304,544,9,en réparation
305,24,4,en réparation
306,378,4,emprunté
307,513,9,disponible
308,283,6,disponible
309,138,8,emprunté
310,714,1,emprunté
311,349,1,emprunté
312,655,1,disponible
313,299,4,perdu
314,222,4,disponible
315,844,6,en réparation
316,539,5,disponible
317,905,2,disponible
318,228,3,disponible
319,93,2,emprunté
320,466,9,emprunté
321,900,2,disponible
322,622,4,disponible
323,94,4,disponible
324,138,7,disponible
325,232,1,emprunté
326,876,1,emprunté
327,980,2,emprunté
328,627,9,en réparation
329,985,6,disponible
330,98,8,perdu
331,879,7,en réparation
332,738,9,emprunté
333,11,3,emprunté
334,28,1,disponible
335,343,7,disponible
336,131,10,disponible
337,14,4,disponible
338,342,8,emprunté
339,510,5,emprunté
340,843,10,emprunté
341,743,7,disponible
342,904,10,en réparation
343,402,6,emprunté
344,355,3,emprunté
345,79,5,emprunté
346,828,2,emprunté
347,655,10,emprunté
348,553,5,disponible
349,407,9,disponible
350,859,1,disponible
351,775,7,disponible
352,835,3,disponible
353,622,10,en réparation
354,76,4,disponible
355,344,6,disponible
356,95,5,disponible
357,713,5,en réparation
358,549,7,disponible
359,44,6,en réparation
360,797,6,emprunté
361,959,7,disponible
362,990,1,disponible
363,99,2,disponible
364,437,1,emprunté
365,967,4,en réparation
366,57,9,emprunté
367,370,7,emprunté
368,623,2,disponible
369,782,1,emprunté
370,702,8,disponible
371,963,4,disponible
372,180,4,disponible
373,349,6,disponible
374,441,9,disponible
375,447,10,disponible
376,642,8,disponible
377,575,3,disponible
378,538,5,emprunté
379,987,1,disponible
380,312,9,disponible
381,541,8,disponible
382,351,5,emprunté
383,884,9,disponible
384,542,3,emprunté
385,218,4,disponible
386,630,2,emprunté
387,684,6,disponible
388,711,1,disponible
389,49,9,emprunté
390,579,10,disponible
391,823,5,emprunté
392,187,1,disponible
393,464,5,emprunté
394,170,7,disponible
395,724,10,emprunté
396,641,7,emprunté
397,587,7,emprunté
398,673,5,emprunté
399,658,10,emprunté
400,764,8,emprunté
401,535,5,disponible
402,803,6,disponible
403,653,10,disponible
404,339,10,disponible
405,22,9,disponible
406,584,10,emprunté
407,878,4,emprunté
408,912,4,en réparation
409,860,4,disponible
410,145,7,disponible
411,574,1,disponible
412,717,1,disponible
413,485,3,perdu
414,121,8,disponible
415,996,1,emprunté
416,179,4,emprunté
417,966,4,disponible
418,226,6,disponible
419,617,6,emprunté
420,921,9,emprunté
421,919,9,disponible
422,857,5,emprunté
423,919,6,emprunté
424,909,2,en réparation
425,924,10,perdu
426,350,1,emprunté
427,870,3,disponible
428,782,6,disponible
429,151,7,disponible
430,96,9,emprunté
431,388,6,disponible
432,75,4,disponible
433,494,7,disponible
434,851,3,disponible
435,827,9,emprunté
436,345,2,disponible
437,197,5,disponible
438,153,4,disponible
439,792,5,disponible
440,279,1,emprunté
441,853,3,emprunté
442,230,1,disponible
443,873,9,disponible
444,401,7,disponible
445,57,2,disponible
446,782,7,emprunté
447,77,2,disponible
448,834,10,emprunté
449,993,1,disponible
450,68,7,disponible
451,627,5,disponible
452,645,10,disponible
453,756,6,disponible
454,418,3,disponible
455,535,4,emprunté
456,973,8,emprunté
457,643,3,emprunté
458,378,4,disponible
459,277,1,emprunté
460,452,8,emprunté
461,401,3,disponible
462,966,8,disponible
463,744,7,emprunté
464,422,3,emprunté
465,353,1,disponible
466,95,8,disponible
467,846,8,emprunté
468,946,1,en réparation
469,579,10,perdu
470,797,5,disponible
471,960,9,disponible
472,270,2,emprunté
473,204,4,perdu
474,92,3,disponible
475,322,6,en réparation
476,176,4,emprunté
477,985,7,disponible
478,558,2,disponible
479,210,3,disponible
480,81,10,emprunté
481,389,2,disponible
482,433,4,disponible
483,686,6,emprunté
484,508,9,disponible
485,354,7,disponible
486,224,8,disponible
487,684,9,disponible
488,271,10,disponible
489,985,3,disponible
490,331,1,emprunté
491,406,5,disponible
492,997,2,disponible
493,292,1,disponible
494,210,5,disponible
495,408,8,emprunté
496,950,3,disponible
497,759,8,en réparation
498,175,3,emprunté
499,854,3,disponible
500,900,8,emprunté
501,604,9,emprunté
502,105,4,emprunté
503,953,7,disponible
504,560,6,disponible
505,504,10,emprunté
506,777,7,disponible
507,238,9,emprunté
508,118,9,disponible
509,698,6,disponible
510,347,4,disponible
511,461,1,disponible
512,720,10,disponible
513,652,7,disponible
514,950,2,disponible
515,717,1,disponible
516,961,8,disponible
517,415,9,disponible
518,151,1,emprunté
519,3,7,disponible
520,87,3,disponible
521,645,6,disponible
522,164,2,disponible
523,696,6,perdu
524,344,9,disponible
525,960,2,perdu
526,415,10,emprunté
527,75,9,disponible
528,960,3,emprunté
529,585,3,disponible
530,408,8,disponible
531,978,1,emprunté
532,548,5,disponible
533,639,10,disponible
534,803,9,disponible
535,976,3,emprunté
536,941,1,disponible
537,818,1,emprunté
538,709,4,en réparation
539,556,7,emprunté
540,613,5,perdu
541,299,3,disponible
542,621,6,disponible
543,625,9,emprunté
544,68,2,disponible
545,463,9,disponible
546,986,1,disponible
547,452,2,emprunté
548,184,4,disponible
549,412,8,emprunté
550,201,9,disponible
551,673,3,emprunté
552,631,8,disponible
553,799,2,disponible
554,66,8,en réparation
555,545,8,disponible
556,154,10,disponible
557,447,9,disponible
558,866,3,disponible
559,133,6,emprunté
560,201,8,disponible
561,40,9,perdu
562,537,1,disponible
563,191,4,disponible
564,713,5,disponible
565,680,6,emprunté
566,400,7,emprunté
567,340,8,emprunté
568,32,2,disponible
569,922,9,disponible
570,765,6,disponible
571,275,5,emprunté
572,537,7,disponible
573,404,4,disponible
574,847,10,disponible
575,654,4,disponible
576,137,9,emprunté
577,868,5,emprunté
578,851,4,emprunté
579,200,9,emprunté
580,946,10,en réparation
581,349,7,en réparation
582,82,6,disponible
583,780,6,disponible
584,955,8,emprunté
585,968,6,disponible
586,992,10,disponible
587,969,10,disponible
588,712,4,disponible
589,623,6,disponible
590,882,9,disponible
591,728,7,disponible
592,27,8,disponible
593,980,7,disponible
594,573,6,en réparation
595,329,8,disponible
596,295,5,emprunté
597,199,5,disponible
598,123,9,emprunté
599,77,2,emprunté
600,614,8,en réparation
601,204,9,disponible
602,342,10,emprunté
603,813,1,disponible
604,373,4,disponible
605,91,6,disponible
606,111,6,disponible
607,208,2,emprunté
608,178,6,disponible
609,220,7,emprunté
610,867,9,disponible
611,818,7,disponible
612,325,1,disponible
613,636,5,disponible
614,154,2,en réparation
615,789,2,disponible
616,363,3,disponible
617,631,9,disponible
618,125,10,en réparation
619,575,1,disponible
620,855,3,emprunté
621,7,5,emprunté
622,241,9,disponible
623,878,6,disponible
624,912,3,disponible
625,571,7,en réparation
626,979,6,disponible
627,598,9,emprunté
628,773,8,disponible
629,287,5,disponible
630,142,8,emprunté
631,523,6,emprunté
632,915,5,perdu
633,348,10,disponible
634,373,6,disponible
635,862,10,emprunté
636,515,3,disponible
637,630,2,disponible
638,832,7,en réparation
639,27,3,perdu
640,7,1,en réparation
641,821,5,disponible
642,236,10,disponible
643,238,2,emprunté
644,135,2,en réparation
645,890,6,emprunté
646,6,6,disponible
647,35,9,disponible
648,649,7,disponible
649,187,2,disponible
650,292,9,disponible
651,393,7,disponible
652,734,8,disponible
653,987,4,disponible
654,921,8,disponible
655,300,7,emprunté
656,7,3,disponible
657,528,3,disponible
658,295,4,en réparation
659,72,9,en réparation
660,834,3,disponible
661,828,2,emprunté
662,195,2,emprunté
663,622,3,disponible
664,661,1,emprunté
665,640,2,emprunté
666,757,1,disponible
667,533,4,emprunté
668,502,3,disponible
669,567,8,disponible
670,546,3,disponible
671,414,9,emprunté
672,682,8,emprunté
673,186,6,disponible
674,329,5,disponible
675,372,9,emprunté
676,496,3,emprunté
677,884,10,disponible
678,334,3,en réparation
679,524,8,emprunté
680,674,9,disponible
681,105,7,disponible
682,890,3,disponible
683,984,2,emprunté
684,180,2,emprunté
685,221,4,disponible
686,735,4,disponible
687,672,10,en réparation
688,980,1,en réparation
689,177,3,disponible
690,581,10,disponible
691,422,3,disponible
692,751,7,en réparation
693,674,10,emprunté
694,311,4,disponible
695,148,4,disponible
696,333,6,emprunté
697,251,10,emprunté
698,554,4,emprunté
699,963,5,disponible
700,126,8,disponible
701,475,8,emprunté
702,828,7,disponible
703,965,1,disponible
704,268,5,disponible
705,976,8,disponible
706,743,2,emprunté
707,458,10,disponible
708,882,10,emprunté
709,192,10,disponible
710,72,3,disponible
711,253,10,disponible
712,540,8,disponible
713,220,8,emprunté
714,838,6,emprunté
715,975,9,disponible
716,532,4,en réparation
717,29,2,disponible
718,374,7,disponible
719,744,1,emprunté
720,178,1,disponible
721,272,9,emprunté
722,831,8,disponible
723,519,10,disponible
724,701,4,disponible
725,740,6,emprunté
726,366,3,emprunté
727,548,7,disponible
728,818,1,en réparation
729,285,5,disponible
730,398,2,disponible
731,876,10,emprunté
732,472,2,disponible
733,893,3,disponible
734,893,10,en réparation
735,889,2,emprunté
736,153,10,disponible
737,950,10,disponible
738,680,1,emprunté
739,204,8,disponible
740,889,9,disponible
741,627,4,disponible
742,591,7,en réparation
743,85,4,perdu
744,512,2,emprunté
745,118,3,emprunté
746,649,3,disponible
747,119,4,emprunté
748,888,8,disponible
749,771,3,disponible
750,621,2,disponible
751,392,7,disponible
752,936,3,disponible
753,633,1,disponible
754,741,6,disponible
755,948,9,emprunté
756,955,4,emprunté
757,638,4,disponible
758,586,4,disponible
759,346,4,disponible
760,677,3,disponible
761,898,5,disponible
762,107,3,emprunté
763,289,3,emprunté
764,292,1,disponible
765,700,7,emprunté
766,144,6,emprunté
767,591,6,emprunté
768,154,10,perdu
769,132,1,disponible
770,606,4,emprunté
771,376,6,emprunté
772,860,2,emprunté
773,754,1,emprunté
774,220,10,emprunté
775,132,10,disponible
776,18,2,disponible
777,465,2,disponible
778,196,7,disponible
779,563,6,en réparation
780,397,5,disponible
781,134,4,emprunté
782,266,2,emprunté
783,798,3,emprunté
784,494,1,disponible
785,371,10,disponible
786,237,9,disponible
787,62,3,disponible
788,63,8,disponible
789,988,2,emprunté
790,883,10,disponible
791,234,3,disponible
792,289,9,disponible
793,923,2,emprunté
794,268,3,disponible
795,701,1,emprunté
796,728,5,disponible
797,61,2,disponible
798,372,7,disponible
799,578,8,en réparation
800,915,5,disponible
801,380,8,emprunté
802,798,6,disponible
803,436,3,disponible
804,258,8,en réparation
805,141,5,emprunté
806,3,2,disponible
807,61,2,disponible
808,527,2,emprunté
809,28,7,disponible
810,103,8,disponible
811,782,2,disponible
812,434,9,disponible
813,14,9,disponible
814,745,6,disponible
815,152,10,disponible
816,738,2,disponible
817,722,1,perdu
818,201,9,disponible
819,464,2,disponible
820,474,4,disponible
821,993,1,disponible
822,295,6,emprunté
823,977,5,en réparation
824,205,7,disponible
825,721,4,disponible
826,579,7,disponible
827,545,9,disponible
828,458,7,emprunté
829,611,5,emprunté
830,210,2,disponible
831,342,4,disponible
832,823,4,perdu
833,161,8,emprunté
834,859,7,en réparation
835,448,3,emprunté
836,600,2,disponible
837,851,3,disponible
838,487,1,emprunté
839,273,7,disponible
840,103,5,disponible
841,642,10,en réparation
842,70,2,disponible
843,603,8,disponible
844,128,5,emprunté
845,767,5,disponible
846,557,9,disponible
847,733,10,disponible
848,879,5,emprunté
849,323,4,disponible
850,725,2,emprunté
851,177,1,disponible
852,624,9,disponible
853,604,5,disponible
854,613,8,emprunté
855,405,10,en réparation
856,505,4,disponible
857,204,8,emprunté
858,702,2,disponible
859,392,10,emprunté
860,300,2,disponible
861,392,2,disponible
862,497,5,disponible
863,497,8,en réparation
864,255,4,disponible
865,781,6,emprunté
866,216,9,disponible
867,610,5,emprunté
868,934,2,disponible
869,457,1,perdu
870,843,5,disponible
871,442,3,disponible
872,479,1,disponible
873,840,9,disponible
874,109,2,emprunté
875,862,3,disponible
876,676,1,emprunté
877,677,5,emprunté
878,954,9,disponible
879,819,2,en réparation
880,701,10,disponible
881,610,9,disponible
882,799,10,emprunté
883,151,2,disponible
884,456,1,disponible
885,551,9,emprunté
886,988,5,emprunté
887,521,1,en réparation
888,872,2,emprunté
889,951,7,perdu
890,312,9,emprunté
891,777,2,disponible
892,902,6,disponible
893,756,4,disponible
894,451,9,disponible
895,955,1,disponible
896,64,1,disponible
897,48,7,disponible
898,485,2,disponible
899,185,4,emprunté
900,88,5,disponible
901,94,2,disponible
902,524,8,en réparation
903,605,5,emprunté
904,615,7,emprunté
905,517,3,disponible
906,771,7,disponible
907,687,8,disponible
908,52,5,emprunté
909,364,4,disponible
910,265,2,emprunté
911,434,2,emprunté
912,46,8,disponible
913,658,4,emprunté
914,291,9,disponible
915,342,7,disponible
916,798,8,disponible
917,880,7,disponible
918,656,1,disponible
919,949,7,emprunté
920,290,10,emprunté
921,560,4,disponible
922,959,10,emprunté
923,273,8,disponible
924,156,2,disponible
925,157,9,disponible
926,396,3,disponible
927,956,6,disponible
928,249,7,disponible
929,560,3,disponible
930,991,10,disponible
931,798,4,en réparation
932,410,9,disponible
933,234,10,emprunté
934,447,3,disponible
935,405,8,perdu
936,771,9,disponible
937,590,2,disponible
938,639,2,disponible
939,76,4,disponible
940,116,10,perdu
941,743,4,emprunté
942,774,10,disponible
943,168,4,emprunté
944,111,4,emprunté
945,737,7,disponible
946,350,3,emprunté
947,45,5,perdu
948,524,2,disponible
949,799,1,disponible
950,369,5,en réparation
951,508,3,emprunté
952,632,2,disponible
953,666,1,disponible
954,714,5,emprunté
955,807,10,disponible
956,866,2,disponible
957,759,8,disponible
958,954,2,emprunté
959,130,5,emprunté
960,587,9,disponible
961,560,9,emprunté
962,747,1,en réparation
963,473,9,emprunté
964,279,2,disponible
965,424,9,disponible
966,108,4,emprunté
967,638,3,emprunté
968,642,7,en réparation
969,560,7,en réparation
970,552,10,emprunté
971,255,10,emprunté
972,634,9,disponible
973,953,9,disponible
974,320,2,disponible
975,603,5,disponible
976,823,1,perdu
977,629,3,disponible
978,696,3,emprunté
979,704,8,disponible
980,253,7,perdu
981,46,6,emprunté
982,486,2,disponible
983,746,1,disponible
984,611,9,disponible
985,569,7,emprunté
986,322,4,disponible
987,727,3,disponible
988,594,5,disponible
989,614,1,disponible
990,8,1,disponible
991,672,10,disponible
992,140,5,disponible
993,595,5,disponible
994,301,7,disponible
995,699,5,perdu
996,759,9,emprunté
997,442,8,emprunté
998,335,7,disponible
999,15,5,disponible
1000,886,6,disponible
1001,454,6,disponible
1002,30,10,disponible
1003,976,5,disponible
1004,988,4,emprunté
1005,519,10,disponible
1006,134,4,disponible
1007,379,5,emprunté
1008,897,7,emprunté
1009,875,3,emprunté
1010,345,5,emprunté
1011,407,6,disponible
1012,356,4,emprunté
1013,10,7,en réparation
1014,192,2,disponible
1015,302,3,disponible
1016,818,8,en réparation
1017,903,8,disponible
1018,486,5,emprunté
1019,783,6,disponible
1020,400,1,emprunté
1021,182,5,disponible
1022,103,2,emprunté
1023,996,9,disponible
1024,258,9,emprunté
1025,655,7,emprunté
1026,7,9,perdu
1027,486,10,disponible
1028,406,8,disponible
1029,573,3,emprunté
1030,82,3,disponible
1031,904,6,disponible
1032,805,1,disponible
1033,280,8,en réparation
1034,736,7,disponible
1035,874,3,emprunté
1036,436,2,emprunté
1037,114,3,disponible
1038,542,5,disponible
1039,778,8,disponible
1040,441,6,disponible
1041,748,7,emprunté
1042,546,1,emprunté
1043,359,3,disponible
1044,272,9,disponible
1045,131,2,disponible
1046,712,4,emprunté
1047,900,5,disponible
1048,771,5,disponible
1049,693,7,disponible
1050,669,6,disponible
1051,479,6,disponible
1052,891,4,emprunté
1053,79,2,emprunté
1054,199,3,disponible
1055,459,5,en réparation
1056,630,8,emprunté
1057,636,2,emprunté
1058,923,7,disponible
1059,249,5,emprunté
1060,695,3,emprunté
1061,32,4,disponible
1062,569,9,emprunté
1063,174,2,disponible
1064,363,1,emprunté
1065,63,2,emprunté
1066,397,4,emprunté
1067,262,6,emprunté
1068,200,1,emprunté
1069,812,4,disponible
1070,559,9,disponible
1071,274,10,emprunté
1072,339,4,emprunté
1073,13,1,emprunté
1074,884,2,emprunté
1075,733,7,disponible
1076,518,5,disponible
1077,69,7,disponible
1078,177,5,disponible
1079,939,6,disponible
1080,438,1,disponible
1081,216,9,emprunté
1082,705,2,emprunté
1083,635,4,disponible
1084,804,9,disponible
1085,658,6,disponible
1086,611,2,disponible
1087,468,9,disponible
1088,262,9,disponible
1089,824,10,emprunté
1090,436,10,disponible
1091,796,3,disponible
1092,783,10,emprunté
1093,323,8,disponible
1094,137,8,disponible
1095,860,8,disponible
1096,260,7,emprunté
1097,830,2,disponible
1098,613,9,emprunté
1099,391,5,emprunté
1100,136,4,disponible
1101,665,4,emprunté
1102,167,9,disponible
1103,582,2,disponible
1104,116,9,disponible
1105,402,3,disponible
1106,581,4,en réparation
1107,530,9,perdu
1108,729,10,en réparation
1109,218,3,disponible
1110,46,2,disponible
1111,236,3,disponible
1112,17,2,emprunté
1113,396,8,emprunté
1114,118,1,disponible
1115,521,10,en réparation
1116,572,8,emprunté
1117,125,1,emprunté
1118,838,5,disponible
1119,393,2,disponible
1120,940,4,disponible
1121,297,6,emprunté
1122,657,2,emprunté
1123,774,1,disponible
1124,283,7,emprunté
1125,785,9,emprunté
1126,200,6,emprunté
1127,888,10,disponible
1128,693,2,disponible
1129,204,1,disponible
1130,770,7,disponible
1131,4,6,en réparation
1132,286,6,emprunté
1133,603,7,en réparation
1134,77,6,disponible
1135,706,1,disponible
1136,996,7,disponible
1137,95,2,disponible
1138,663,7,disponible
1139,307,2,en réparation
1140,721,4,emprunté
1141,2,8,perdu
1142,103,7,disponible
1143,945,10,emprunté
1144,634,8,disponible
1145,630,1,disponible
1146,576,4,disponible
1147,562,4,disponible
1148,145,7,disponible
1149,582,10,disponible
1150,164,7,emprunté
1151,804,1,emprunté
1152,553,7,disponible
1153,533,10,disponible
1154,542,8,disponible
1155,75,6,emprunté
1156,823,10,disponible
1157,372,8,disponible
1158,584,8,emprunté
1159,24,10,emprunté
1160,23,2,disponible
1161,903,6,disponible
1162,987,9,disponible
1163,851,3,disponible
1164,310,2,disponible
1165,6,10,disponible
1166,143,2,disponible
1167,370,6,emprunté
1168,995,2,disponible
1169,468,5,disponible
1170,688,3,emprunté
1171,395,10,disponible
1172,77,2,disponible
1173,817,9,disponible
1174,95,10,disponible
1175,413,3,emprunté
1176,182,3,disponible
1177,966,8,disponible
1178,602,2,disponible
1179,831,5,disponible
1180,376,5,emprunté
1181,108,9,en réparation
1182,301,6,disponible
1183,856,1,disponible
1184,799,9,disponible
1185,866,10,disponible
1186,865,6,disponible
1187,1,10,disponible
1188,752,1,disponible
1189,409,4,disponible
1190,921,6,en réparation
1191,974,1,disponible
1192,217,3,disponible
1193,886,8,disponible
1194,516,3,perdu
1195,626,6,en réparation
1196,907,5,emprunté
1197,92,8,disponible
1198,969,9,disponible
1199,706,5,disponible
1200,247,2,emprunté
1201,430,2,disponible
1202,957,9,disponible
1203,814,6,en réparation
1204,68,1,disponible
1205,966,9,emprunté
1206,772,1,emprunté
1207,589,6,disponible
1208,626,3,perdu
1209,908,2,emprunté
1210,673,2,perdu
1211,438,2,disponible
1212,45,6,emprunté
1213,837,8,disponible
1214,584,3,disponible
1215,34,8,disponible
1216,441,10,disponible
1217,16,1,disponible
1218,263,2,en réparation
1219,588,5,emprunté
1220,336,5,disponible
1221,662,3,disponible
1222,535,8,emprunté
1223,569,10,disponible
1224,879,7,disponible
1225,610,5,disponible
1226,484,2,disponible
1227,751,2,disponible
1228,813,9,en réparation
1229,486,4,en réparation
1230,831,9,emprunté
1231,924,2,disponible
1232,341,1,disponible
1233,794,9,disponible
1234,413,4,emprunté
1235,71,8,emprunté
1236,219,6,emprunté
1237,537,4,disponible
1238,941,3,disponible
1239,62,7,disponible
1240,559,7,emprunté
1241,440,8,disponible
1242,562,4,disponible
1243,258,5,perdu
1244,516,4,en réparation
1245,991,3,disponible
1246,234,7,disponible
1247,817,5,en réparation
1248,142,9,disponible
1249,343,1,disponible
1250,455,5,disponible
1251,403,6,emprunté
1252,344,6,disponible
1253,984,7,disponible
1254,579,3,disponible
1255,10,10,emprunté
1256,960,6,disponible
1257,333,2,en réparation
1258,645,5,disponible
1259,683,10,emprunté
1260,240,2,disponible
1261,103,8,en réparation
1262,964,7,emprunté
1263,704,1,disponible
1264,825,5,disponible
1265,456,7,emprunté
1266,720,3,disponible
1267,25,7,disponible
1268,380,4,emprunté
1269,942,5,disponible
1270,86,3,emprunté
1271,915,2,perdu
1272,187,8,emprunté
1273,804,10,en réparation
1274,986,1,disponible
1275,881,7,disponible
1276,717,1,emprunté
1277,114,6,disponible
1278,737,3,disponible
1279,356,10,en réparation
1280,649,10,disponible
1281,449,5,disponible
1282,855,8,disponible
1283,454,4,disponible
1284,475,10,emprunté
1285,954,6,disponible
1286,605,6,emprunté
1287,936,4,emprunté
1288,850,2,emprunté
1289,403,5,disponible
1290,637,4,en réparation
1291,792,1,en réparation
1292,919,10,disponible
1293,285,6,disponible
1294,33,4,disponible
1295,519,10,disponible
1296,779,5,emprunté
1297,556,5,disponible
1298,932,2,emprunté
1299,670,6,en réparation
1300,632,3,emprunté
1301,368,6,en réparation
1302,250,6,emprunté
1303,349,3,emprunté
1304,398,2,disponible
1305,418,8,disponible
1306,592,1,disponible
1307,408,10,emprunté
1308,936,9,disponible
1309,560,7,disponible
1310,489,5,emprunté
1311,713,4,disponible
1312,513,5,perdu
1313,129,4,emprunté
1314,584,5,emprunté
1315,716,6,disponible
1316,22,1,emprunté
1317,470,7,disponible
1318,867,3,emprunté
1319,9,4,disponible
1320,357,1,disponible
1321,218,7,disponible
1322,134,7,disponible
1323,109,8,disponible
1324,189,10,disponible
1325,192,10,disponible
1326,154,4,emprunté
1327,316,6,emprunté
1328,72,1,emprunté
1329,33,10,emprunté
1330,917,7,disponible
1331,48,6,emprunté
1332,653,9,disponible
1333,424,9,disponible
1334,15,3,disponible
1335,120,2,emprunté
1336,455,4,disponible
1337,632,1,emprunté
1338,695,6,disponible
1339,946,8,en réparation
1340,898,10,disponible
1341,557,8,disponible
1342,580,3,disponible
1343,608,10,disponible
1344,320,3,emprunté
1345,237,4,disponible
1346,824,3,disponible
1347,906,3,emprunté
1348,363,9,disponible
1349,262,8,disponible
1350,912,1,perdu
1351,130,1,emprunté
1352,118,2,en réparation
1353,863,3,emprunté
1354,770,9,disponible
1355,194,7,disponible
1356,173,2,emprunté
1357,623,3,emprunté
1358,929,9,disponible
1359,535,10,emprunté
1360,741,1,en réparation
1361,580,2,emprunté
1362,792,2,disponible
1363,217,9,disponible
1364,564,9,disponible
1365,603,6,disponible
1366,475,8,disponible
1367,708,2,disponible
1368,530,1,disponible
1369,769,6,emprunté
1370,491,9,en réparation
1371,717,10,emprunté
1372,69,9,emprunté
1373,624,3,perdu
1374,596,8,disponible
1375,823,9,emprunté
1376,985,5,disponible
1377,674,2,emprunté
1378,142,3,perdu
1379,489,3,emprunté
1380,182,9,disponible
1381,302,9,disponible
1382,949,4,disponible
1383,969,3,disponible
1384,91,5,disponible
1385,286,4,disponible
1386,947,9,emprunté
1387,68,7,emprunté
1388,980,6,perdu
1389,728,4,disponible
1390,690,3,emprunté
1391,753,1,emprunté
1392,650,4,disponible
1393,284,3,perdu
1394,135,3,disponible
1395,510,6,emprunté
1396,131,2,emprunté
1397,736,4,disponible
1398,796,3,disponible
1399,428,6,disponible
1400,417,5,emprunté
1401,3,1,disponible
1402,813,10,disponible
1403,849,8,disponible
1404,365,7,disponible
1405,99,10,en réparation
1406,136,2,disponible
1407,668,3,emprunté
1408,92,7,perdu
1409,833,2,emprunté
1410,388,10,disponible
1411,968,3,disponible
1412,979,9,disponible
1413,967,1,disponible
1414,863,9,disponible
1415,69,10,emprunté
1416,167,3,disponible
1417,821,4,disponible
1418,430,8,en réparation
1419,58,6,disponible
1420,907,6,disponible
1421,428,7,en réparation
1422,772,1,disponible
1423,718,7,disponible
1424,87,10,en réparation
1425,404,6,disponible
1426,311,10,disponible
1427,782,5,disponible
1428,38,8,disponible
1429,401,4,en réparation
1430,620,4,emprunté
1431,582,7,emprunté
1432,310,10,disponible
1433,465,4,disponible
1434,173,7,disponible
1435,904,2,disponible
1436,992,3,disponible
1437,805,7,disponible
1438,942,6,emprunté
1439,569,6,en réparation
1440,155,2,disponible
1441,871,9,emprunté
1442,978,1,emprunté
1443,505,10,disponible
1444,633,2,en réparation
1445,953,7,emprunté
1446,246,5,disponible
1447,729,2,en réparation
1448,585,7,emprunté
1449,206,9,disponible
1450,246,3,disponible
1451,986,5,emprunté
1452,998,3,en réparation
1453,683,1,emprunté
1454,242,4,disponible
1455,973,4,disponible
1456,36,4,en réparation
1457,724,6,disponible
1458,542,8,emprunté
1459,383,5,disponible
1460,479,7,disponible
1461,578,5,en réparation
1462,816,8,disponible
1463,730,5,disponible
1464,966,6,emprunté
1465,370,4,en réparation
1466,578,8,disponible
1467,278,7,perdu
1468,746,10,disponible
1469,392,2,emprunté
1470,928,5,disponible
1471,182,6,disponible
1472,23,9,disponible
1473,9,10,emprunté
1474,859,10,disponible
1475,314,9,en réparation
1476,350,3,disponible
1477,611,3,emprunté
1478,963,6,disponible
1479,407,5,disponible
1480,187,2,emprunté
1481,246,1,emprunté
1482,283,3,disponible
1483,796,10,disponible
1484,273,3,perdu
1485,956,5,disponible
1486,684,5,disponible
1487,598,4,emprunté
1488,919,3,disponible
1489,837,2,en réparation
1490,325,5,disponible
1491,830,1,disponible
1492,423,4,disponible
1493,469,4,emprunté
1494,930,1,disponible
1495,662,2,disponible
1496,544,6,disponible
1497,146,2,en réparation
1498,748,9,disponible
1499,939,9,disponible
1500,161,4,disponible
1501,993,5,disponible
1502,181,7,emprunté
1503,518,8,emprunté
1504,865,8,disponible
1505,510,4,disponible
1506,168,1,emprunté
1507,421,6,emprunté
1508,841,3,emprunté
1509,456,8,disponible
1510,592,7,disponible
1511,332,7,disponible
1512,480,1,disponible
1513,933,1,disponible
1514,48,6,emprunté
1515,834,8,emprunté
1516,65,1,en réparation
1517,377,6,en réparation
1518,675,1,emprunté
1519,943,3,disponible
1520,699,3,disponible
1521,68,5,emprunté
1522,475,4,disponible
1523,28,10,disponible
1524,991,10,disponible
1525,127,4,emprunté
1526,542,2,emprunté
1527,169,1,disponible
1528,203,7,disponible
1529,360,3,emprunté
1530,401,3,disponible
1531,28,10,en réparation
1532,590,8,emprunté
1533,353,3,emprunté
1534,990,10,emprunté
1535,915,4,disponible
1536,152,3,en réparation
1537,710,8,disponible
1538,631,4,disponible
1539,618,10,emprunté
1540,295,6,disponible
1541,708,4,emprunté
1542,231,3,emprunté
1543,438,2,disponible
1544,996,1,disponible
1545,94,1,disponible
1546,471,1,disponible
1547,399,10,disponible
1548,983,2,disponible
1549,827,3,emprunté
1550,205,7,emprunté
1551,15,8,disponible
1552,406,2,disponible
1553,866,9,disponible
1554,986,9,disponible
1555,648,3,emprunté
1556,987,8,emprunté
1557,863,7,emprunté
1558,781,5,en réparation
1559,265,7,disponible
1560,333,8,disponible
1561,135,3,emprunté
1562,994,4,disponible
1563,157,3,perdu
1564,942,9,en réparation
1565,109,10,disponible
1566,158,6,disponible
1567,687,10,disponible
1568,836,3,disponible
1569,982,6,disponible
1570,387,3,disponible
1571,633,6,emprunté
1572,672,1,disponible
1573,249,8,en réparation
1574,251,2,emprunté
1575,118,9,emprunté
1576,407,8,disponible
1577,848,4,disponible
1578,686,6,disponible
1579,573,5,disponible
1580,669,9,emprunté
1581,14,2,disponible
1582,395,3,disponible
1583,59,9,disponible
1584,680,7,emprunté
1585,849,8,disponible
1586,396,2,emprunté
1587,284,8,disponible
1588,327,5,disponible
1589,819,3,disponible
1590,676,2,en réparation
1591,439,5,disponible
1592,580,6,disponible
1593,279,1,disponible
1594,687,2,disponible
1595,385,10,disponible
1596,606,6,perdu
1597,509,6,disponible
1598,62,8,emprunté
1599,831,3,emprunté
1600,173,7,disponible
1601,683,1,perdu
1602,888,8,disponible
1603,747,2,disponible
1604,76,4,disponible
1605,770,7,disponible
1606,636,7,en réparation
1607,581,8,disponible
1608,580,9,disponible
1609,76,3,disponible
1610,915,8,disponible
1611,818,10,disponible
1612,190,3,perdu
1613,399,1,disponible
1614,348,10,disponible
1615,548,10,en réparation
1616,558,7,disponible
1617,861,4,disponible
1618,702,10,en réparation
1619,716,5,en réparation
1620,618,2,disponible
1621,392,6,emprunté
1622,32,9,disponible
1623,805,10,emprunté
1624,187,4,emprunté
1625,47,3,disponible
1626,71,6,disponible
1627,794,6,emprunté
1628,388,5,disponible
1629,577,8,perdu
1630,291,8,emprunté
1631,52,1,disponible
1632,992,9,disponible
1633,314,5,disponible
1634,781,7,disponible
1635,305,10,disponible
1636,461,5,disponible
1637,92,7,emprunté
1638,395,6,emprunté
1639,35,5,disponible
1640,34,1,emprunté
1641,362,6,disponible
1642,482,4,emprunté
1643,757,7,disponible
1644,579,7,perdu
1645,986,8,emprunté
1646,113,10,disponible
1647,141,10,emprunté
1648,229,6,emprunté
1649,712,6,disponible
1650,737,1,disponible
1651,359,2,disponible
1652,165,8,disponible
1653,212,7,disponible
1654,81,6,disponible
1655,939,9,emprunté
1656,574,10,emprunté
1657,627,7,emprunté
1658,289,7,disponible
1659,254,5,emprunté
1660,772,5,perdu
1661,965,5,emprunté
1662,315,5,emprunté
1663,811,5,emprunté
1664,406,10,emprunté
1665,604,4,en réparation
1666,249,5,emprunté
1667,462,5,disponible
1668,903,5,disponible
1669,271,1,emprunté
1670,693,9,disponible
1671,230,1,disponible
1672,513,7,disponible
1673,741,8,disponible
1674,224,10,emprunté
1675,546,9,emprunté
1676,957,5,disponible
1677,162,2,disponible
1678,916,10,en réparation
1679,63,3,disponible
1680,491,1,disponible
1681,309,9,disponible
1682,294,7,disponible
1683,484,10,disponible
1684,797,3,disponible
1685,11,1,disponible
1686,581,7,disponible
1687,391,2,emprunté
1688,626,4,disponible
1689,843,1,disponible
1690,755,6,disponible
1691,798,2,disponible
1692,885,8,disponible
1693,403,6,disponible
1694,610,7,disponible
1695,597,6,disponible
1696,860,8,emprunté
1697,569,7,en réparation
1698,81,10,perdu
1699,968,2,emprunté
1700,370,9,disponible
1701,266,6,disponible
1702,227,2,disponible
1703,957,9,disponible
1704,50,4,disponible
1705,188,4,disponible
1706,162,3,emprunté
1707,255,4,disponible
1708,300,3,disponible
1709,213,2,disponible
1710,238,8,disponible
1711,426,9,emprunté
1712,691,7,emprunté
1713,554,1,emprunté
1714,811,6,disponible
1715,919,3,emprunté
1716,288,7,disponible
1717,983,1,emprunté
1718,825,2,disponible
1719,996,8,emprunté
1720,293,2,disponible
1721,193,1,disponible
1722,862,6,disponible
1723,234,9,disponible
1724,855,6,emprunté
1725,168,3,en réparation
1726,625,5,emprunté
1727,347,3,disponible
1728,345,3,disponible
1729,137,9,disponible
1730,639,4,perdu
1731,17,3,disponible
1732,588,2,disponible
1733,899,1,disponible
1734,225,4,disponible
1735,480,8,disponible
1736,709,2,disponible
1737,439,8,emprunté
1738,836,1,disponible
1739,438,3,disponible
1740,625,10,emprunté
1741,834,6,disponible
1742,767,1,disponible
1743,658,6,disponible
1744,81,3,disponible
1745,753,10,en réparation
1746,265,8,disponible
1747,30,4,disponible
1748,940,3,disponible
1749,554,5,disponible
1750,970,10,disponible
1751,817,1,emprunté
1752,735,3,disponible
1753,678,3,en réparation
1754,903,6,disponible
1755,834,7,disponible
1756,266,9,en réparation
1757,795,2,disponible
1758,488,8,emprunté
1759,267,7,disponible
1760,806,10,disponible
1761,188,5,en réparation
1762,369,9,disponible
1763,894,8,disponible
1764,694,8,disponible
1765,348,9,emprunté
1766,66,3,emprunté
1767,614,1,disponible
1768,599,6,emprunté
1769,777,9,disponible
1770,261,9,disponible
1771,151,4,emprunté
1772,643,4,disponible
1773,788,2,disponible
1774,103,3,emprunté
1775,49,2,disponible
1776,990,9,disponible
1777,714,6,disponible
1778,567,7,perdu
1779,761,10,emprunté
1780,939,2,disponible
1781,51,8,disponible
1782,37,4,disponible
1783,361,2,disponible
1784,635,10,disponible
1785,364,3,disponible
1786,753,2,disponible
1787,177,3,disponible
1788,505,7,disponible
1789,256,4,emprunté
1790,187,3,disponible
1791,878,5,disponible
1792,116,7,disponible
1793,696,6,disponible
1794,267,10,emprunté
1795,392,4,emprunté
1796,758,1,en réparation
1797,837,4,emprunté
1798,297,5,disponible
1799,899,1,disponible
1800,861,9,disponible
1801,614,10,disponible
1802,13,5,en réparation
1803,824,3,disponible
1804,384,10,disponible
1805,785,9,emprunté
1806,74,10,emprunté
1807,321,4,emprunté
1808,459,8,emprunté
1809,719,3,disponible
1810,650,4,disponible
1811,899,10,disponible
1812,425,4,emprunté
1813,464,8,disponible
1814,814,3,disponible
1815,368,10,disponible
1816,429,2,disponible
1817,358,9,emprunté
1818,829,10,disponible
1819,670,6,disponible
1820,950,3,disponible
1821,293,2,disponible
1822,947,7,disponible
1823,156,10,disponible
1824,776,10,disponible
1825,447,4,disponible
1826,738,3,disponible
1827,177,10,emprunté
1828,681,3,emprunté
1829,387,2,disponible
1830,266,10,disponible
1831,662,9,disponible
1832,200,4,disponible
1833,229,9,emprunté
1834,42,1,emprunté
1835,548,4,disponible
1836,161,2,emprunté
1837,86,3,emprunté
1838,97,3,emprunté
1839,382,5,emprunté
1840,934,2,disponible
1841,552,3,emprunté
1842,557,7,emprunté
1843,412,5,disponible
1844,107,10,emprunté
1845,335,5,disponible
1846,60,7,disponible
1847,313,3,disponible
1848,690,1,emprunté
1849,398,3,disponible
1850,515,8,disponible
1851,538,8,disponible
1852,322,9,disponible
1853,755,7,disponible
1854,289,7,emprunté
1855,794,2,emprunté
1856,742,3,disponible
1857,675,3,disponible
1858,145,7,disponible
1859,184,2,emprunté
1860,18,5,disponible
1861,47,5,emprunté
1862,260,9,disponible
1863,996,2,disponible
1864,498,9,disponible
1865,582,2,en réparation
1866,884,10,disponible
1867,846,7,disponible
1868,609,10,disponible
1869,708,9,disponible
1870,165,9,disponible
1871,114,9,emprunté
1872,225,7,disponible
1873,22,3,disponible
1874,64,1,emprunté
1875,202,3,disponible
1876,199,9,disponible
1877,894,2,disponible
1878,647,1,disponible
1879,184,5,disponible
1880,543,4,disponible
1881,2,6,disponible
1882,166,7,disponible
1883,631,3,emprunté
1884,579,10,emprunté
1885,462,7,disponible
1886,443,3,disponible
1887,775,7,emprunté
1888,879,4,en réparation
1889,570,4,disponible
1890,514,10,emprunté
1891,690,4,emprunté
1892,496,7,disponible
1893,86,9,en réparation
1894,117,9,disponible
1895,769,7,en réparation
1896,466,2,disponible
1897,566,5,disponible
1898,112,1,en réparation
1899,195,3,perdu
1900,811,3,emprunté
1901,232,10,disponible
1902,690,9,disponible
1903,749,4,emprunté
1904,192,8,disponible
1905,746,2,emprunté
1906,334,1,disponible
1907,918,8,disponible
1908,98,1,disponible
1909,645,6,disponible
1910,172,1,emprunté
1911,957,9,emprunté
1912,877,5,disponible
1913,77,10,disponible
1914,622,8,disponible
1915,120,8,en réparation
1916,712,2,en réparation
1917,608,7,disponible
1918,547,4,disponible
1919,307,6,disponible
1920,183,1,emprunté
1921,842,3,perdu
1922,386,6,emprunté
1923,842,7,emprunté
1924,783,3,disponible
1925,363,10,emprunté
1926,142,6,emprunté
1927,316,10,disponible
1928,580,3,disponible
1929,229,10,disponible
1930,446,1,disponible
1931,756,5,emprunté
1932,594,10,emprunté
1933,275,8,disponible
1934,633,7,disponible
1935,312,2,disponible
1936,588,10,emprunté
1937,23,9,disponible
1938,801,10,disponible
1939,703,8,disponible
1940,361,10,disponible
1941,292,7,emprunté
1942,977,9,disponible
1943,623,9,disponible
1944,116,7,emprunté
1945,296,8,disponible
1946,646,6,disponible
1947,751,10,disponible
1948,547,2,disponible
1949,300,10,perdu
1950,272,5,disponible
1951,812,10,disponible
1952,656,9,disponible
1953,897,1,emprunté
1954,176,2,disponible
1955,33,3,emprunté
1956,985,8,disponible
1957,410,5,disponible
1958,924,1,disponible
1959,558,3,disponible
1960,854,5,disponible
1961,107,4,disponible
1962,899,9,disponible
1963,195,1,disponible
1964,313,9,disponible
1965,634,10,disponible
1966,269,2,emprunté
1967,426,4,disponible
1968,948,8,disponible
1969,938,1,emprunté
1970,218,1,disponible
1971,738,7,emprunté
1972,413,2,emprunté
1973,891,10,disponible
1974,209,1,disponible
1975,974,6,en réparation
1976,100,9,disponible
1977,579,4,disponible
1978,555,5,emprunté
1979,584,1,disponible
1980,492,1,disponible
1981,544,8,emprunté
1982,900,1,disponible
1983,647,4,disponible
1984,910,2,disponible
1985,278,5,disponible
1986,993,5,disponible
1987,610,1,disponible
1988,281,6,disponible
1989,573,7,en réparation
1990,384,3,emprunté
1991,40,7,disponible
1992,797,3,disponible
1993,933,6,disponible
1994,447,8,emprunté
1995,955,7,disponible
1996,189,3,emprunté
1997,9,6,disponible
1998,955,5,disponible
1999,31,5,disponible
2000,492,7,disponible
